"text","favorited","favoriteCount","replyToSN","created","truncated","replyToSID","id","replyToUID","statusSource","screenName","retweetCount","isRetweet","retweeted","longitude","latitude"
"Fishing pier on the Chesapeake Bay.  #Nature #Pier #Fishing #Bay #ChesapeakeBay #beach https://t.co/fktxXJlPgC",FALSE,0,NA,2021-09-13 18:30:55,FALSE,NA,"1437483950629343238",NA,"<a href=""http://instagram.com"" rel=""nofollow"">Instagram</a>","ToshioK",0,FALSE,FALSE,NA,NA
"Dave caught a beaut! #GoneFishin #ChesapeakeBay https://t.co/JKRN99Us3Z",FALSE,0,NA,2021-09-13 17:48:27,FALSE,NA,"1437473261999333383",NA,"<a href=""https://mobile.twitter.com"" rel=""nofollow"">Twitter Web App</a>","Branchout_coms",0,FALSE,FALSE,NA,NA
"RT @VirginiaDCR: Virginia Agricultural Cost-Share Program open again: 
https://t.co/nMibTP3Obo

Thanks to The Northern Virginia Daily for gâ€¦",FALSE,0,NA,2021-09-13 17:36:52,FALSE,NA,"1437470346270105601",NA,"<a href=""http://twitter.com/download/android"" rel=""nofollow"">Twitter for Android</a>","MsT499",2,TRUE,FALSE,NA,NA
"If you wish you could find a bay boat boat-motor-trailer package that was easy to afford and easy to tow, launch, aâ€¦ https://t.co/YZTexb7D7X",FALSE,0,NA,2021-09-13 17:20:41,TRUE,NA,"1437466275744190464",NA,"<a href=""https://mobile.twitter.com"" rel=""nofollow"">Twitter Web App</a>","FishTalkMag",0,FALSE,FALSE,NA,NA
"RT @SmithsonianEnv: Animal #migration news to kick off your Monday! Scientists from our @SERCfisheries lab &amp; @VIMS_News tracked 117 #cownosâ€¦",FALSE,0,NA,2021-09-13 17:12:42,FALSE,NA,"1437464265133232128",NA,"<a href=""http://twitter.com/download/iphone"" rel=""nofollow"">Twitter for iPhone</a>","OceanOgburn",6,TRUE,FALSE,NA,NA
"ALYNâ€™s 3-day Wheels of Love ride has made the safe, fun, easy leap from Israel to Marylandâ€™s Eastern Shore along thâ€¦ https://t.co/z89xdKFPiq",FALSE,0,NA,2021-09-13 17:04:46,TRUE,NA,"1437462268564889602",NA,"<a href=""https://mobile.twitter.com"" rel=""nofollow"">Twitter Web App</a>","ALYNHospital",0,FALSE,FALSE,NA,NA
"RT @VirginiaDCR: Virginia Agricultural Cost-Share Program open again: 
https://t.co/nMibTP3Obo

Thanks to The Northern Virginia Daily for gâ€¦",FALSE,0,NA,2021-09-13 16:16:14,FALSE,NA,"1437450054772658180",NA,"<a href=""https://mobile.twitter.com"" rel=""nofollow"">Twitter Web App</a>","DawnAuletta",2,TRUE,FALSE,NA,NA
"Virginia Agricultural Cost-Share Program open again: 
https://t.co/nMibTP3Obo

Thanks to The Northern Virginia Dailâ€¦ https://t.co/c6IwQeJCKd",FALSE,3,NA,2021-09-13 16:14:57,TRUE,NA,"1437449733937709057",NA,"<a href=""https://mobile.twitter.com"" rel=""nofollow"">Twitter Web App</a>","VirginiaDCR",2,FALSE,FALSE,NA,NA
"RT @SkywardApps: The #oyster business is becoming an #ecotourism business, &amp; for #Maryland, education is critical.  #ChesapeakeBay oystersâ€¦",FALSE,0,NA,2021-09-13 15:04:01,FALSE,NA,"1437431883747430411",NA,"<a href=""http://twitter.com/download/iphone"" rel=""nofollow"">Twitter for iPhone</a>","ChesConserv",2,TRUE,FALSE,NA,NA
"RT @1WellnessGIRL: So excited to find out #Maryland is fighting against #plasticpollution. Plastic waste is the single most preventable subâ€¦",FALSE,0,NA,2021-09-13 14:55:21,FALSE,NA,"1437429702977720320",NA,"<a href=""https://mobile.twitter.com"" rel=""nofollow"">Twitter Web App</a>","Plasticsimpact",1,TRUE,FALSE,NA,NA
"Great night at our community Sunset in the Park last night! Neighbors, pizza and a beautiful sunset - I love our loâ€¦ https://t.co/dBrR6xnPsG",FALSE,0,NA,2021-09-13 14:51:28,TRUE,NA,"1437428724652204034",NA,"<a href=""http://twitter.com/download/iphone"" rel=""nofollow"">Twitter for iPhone</a>","margojsouza",0,FALSE,FALSE,NA,NA
"RT @SmithsonianEnv: Animal #migration news to kick off your Monday! Scientists from our @SERCfisheries lab &amp; @VIMS_News tracked 117 #cownosâ€¦",FALSE,0,NA,2021-09-13 14:19:52,FALSE,NA,"1437420771064827913",NA,"<a href=""https://mobile.twitter.com"" rel=""nofollow"">Twitter Web App</a>","SmithsonianWLS",6,TRUE,FALSE,NA,NA
"RT @NWF: ""Investing in clean water infrastructure throughout the #ChesapeakeBayâ€™s 64,000-square mile watershed will maximize the resilienceâ€¦",FALSE,0,NA,2021-09-13 14:10:50,FALSE,NA,"1437418496967725059",NA,"<a href=""http://twitter.com/download/iphone"" rel=""nofollow"">Twitter for iPhone</a>","urbnfabric",2,TRUE,FALSE,NA,NA
"Featured #BluesFest! @ChesBayBlues The #ChesapeakeBay #Blues #Festival at Sandy Point State Park",FALSE,0,NA,2021-09-13 14:00:01,FALSE,NA,"1437415777037164554",NA,"<a href=""http://www.blues-fests.com"" rel=""nofollow"">Blues Festival Finder Helper</a>","BluesFestivals",0,FALSE,FALSE,NA,NA
"RT @SmithsonianEnv: Animal #migration news to kick off your Monday! Scientists from our @SERCfisheries lab &amp; @VIMS_News tracked 117 #cownosâ€¦",FALSE,0,NA,2021-09-13 13:45:59,FALSE,NA,"1437412242203496455",NA,"<a href=""http://twitter.com/download/iphone"" rel=""nofollow"">Twitter for iPhone</a>","Mojoshark",6,TRUE,FALSE,NA,NA
"RT @SkywardApps: The #oyster business is becoming an #ecotourism business, &amp; for #Maryland, education is critical.  #ChesapeakeBay oystersâ€¦",FALSE,0,NA,2021-09-13 13:23:11,FALSE,NA,"1437406507499458560",NA,"<a href=""https://mobile.twitter.com"" rel=""nofollow"">Twitter Web App</a>","chesapeakebay",2,TRUE,FALSE,NA,NA
"RT @NWF: ""Investing in clean water infrastructure throughout the #ChesapeakeBayâ€™s 64,000-square mile watershed will maximize the resilienceâ€¦",FALSE,0,NA,2021-09-13 13:02:49,FALSE,NA,"1437401379283296257",NA,"<a href=""http://twitter.com/download/iphone"" rel=""nofollow"">Twitter for iPhone</a>","chill_robinson",2,TRUE,FALSE,NA,NA
"""Investing in clean water infrastructure throughout the #ChesapeakeBayâ€™s 64,000-square mile watershed will maximizeâ€¦ https://t.co/7QfzeQJzf0",FALSE,14,NA,2021-09-13 13:00:55,TRUE,NA,"1437400903208820736",NA,"<a href=""https://www.hootsuite.com"" rel=""nofollow"">Hootsuite Inc.</a>","NWF",2,FALSE,FALSE,NA,NA
"RT @SmithsonianEnv: Animal #migration news to kick off your Monday! Scientists from our @SERCfisheries lab &amp; @VIMS_News tracked 117 #cownosâ€¦",FALSE,0,NA,2021-09-13 12:55:18,FALSE,NA,"1437399488339931142",NA,"<a href=""http://twitter.com/download/android"" rel=""nofollow"">Twitter for Android</a>","epidatageek",6,TRUE,FALSE,NA,NA
"RT @SmithsonianEnv: Animal #migration news to kick off your Monday! Scientists from our @SERCfisheries lab &amp; @VIMS_News tracked 117 #cownosâ€¦",FALSE,0,NA,2021-09-13 12:49:58,FALSE,NA,"1437398148884860934",NA,"<a href=""http://twitter.com/download/iphone"" rel=""nofollow"">Twitter for iPhone</a>","WhySharksMatter",6,TRUE,FALSE,NA,NA
"RT @SmithsonianEnv: Animal #migration news to kick off your Monday! Scientists from our @SERCfisheries lab &amp; @VIMS_News tracked 117 #cownosâ€¦",FALSE,0,NA,2021-09-13 12:49:34,FALSE,NA,"1437398046057373701",NA,"<a href=""https://mobile.twitter.com"" rel=""nofollow"">Twitter Web App</a>","SpinyDag",6,TRUE,FALSE,NA,NA
"Animal #migration news to kick off your Monday! Scientists from our @SERCfisheries lab &amp; @VIMS_News tracked 117â€¦ https://t.co/VUxmSbLkk4",FALSE,13,NA,2021-09-13 12:46:34,TRUE,NA,"1437397289929097223",NA,"<a href=""https://mobile.twitter.com"" rel=""nofollow"">Twitter Web App</a>","SmithsonianEnv",6,FALSE,FALSE,NA,NA
"RT @VisitAnnapolis: Meditation Monday- the water is always our happy place!

ðŸ“¸ Mike Iserman

#chesapeakebay #baybrdige #fisherman #sunriseâ€¦",FALSE,0,NA,2021-09-13 12:33:19,FALSE,NA,"1437393957357502469",NA,"<a href=""https://mobile.twitter.com"" rel=""nofollow"">Twitter Web App</a>","AnnapolisLiving",2,TRUE,FALSE,NA,NA
"RT @VisitAnnapolis: Meditation Monday- the water is always our happy place!

ðŸ“¸ Mike Iserman

#chesapeakebay #baybrdige #fisherman #sunriseâ€¦",FALSE,0,NA,2021-09-13 10:10:14,FALSE,NA,"1437357948091740160",NA,"<a href=""https://help.twitter.com/en/using-twitter/how-to-tweet#source-labels"" rel=""nofollow"">ditto noob</a>","galactic_ditto",2,TRUE,FALSE,NA,NA
"RT @ChesConserv: How can you help #SaveTheBay? Eat some oysters and send in the used shells to help create new reefs in the #ChesapeakeBay.â€¦",FALSE,0,NA,2021-09-13 10:07:52,FALSE,NA,"1437357352034914308",NA,"<a href=""https://mobile.twitter.com"" rel=""nofollow"">Twitter Web App</a>","SkywardApps",1,TRUE,FALSE,NA,NA
"Meditation Monday- the water is always our happy place!

ðŸ“¸ Mike Iserman

#chesapeakebay #baybrdige #fishermanâ€¦ https://t.co/yj1gy4xoRg",FALSE,7,NA,2021-09-13 10:01:08,TRUE,NA,"1437355660572831745",NA,"<a href=""https://www.hootsuite.com"" rel=""nofollow"">Hootsuite Inc.</a>","VisitAnnapolis",2,FALSE,FALSE,NA,NA
"RT @cottage_green: Custom Address 
Coastal House Welcome
Outdoor Waterproof Signs
https://t.co/mxWEx0l0jL #OceanCity #Baltimore #Annapolisâ€¦",FALSE,0,NA,2021-09-13 03:09:10,FALSE,NA,"1437251983501582339",NA,"<a href=""https://mobile.twitter.com"" rel=""nofollow"">Twitter Web App</a>","cottage_green",1,TRUE,FALSE,NA,NA
"Custom Address 
Coastal House Welcome
Outdoor Waterproof Signs
https://t.co/mxWEx0l0jL #OceanCity #Baltimoreâ€¦ https://t.co/tsEIkbEX6B",FALSE,0,NA,2021-09-13 02:54:11,TRUE,NA,"1437248212218400768",NA,"<a href=""https://mobile.twitter.com"" rel=""nofollow"">Twitter Web App</a>","cottage_green",1,FALSE,FALSE,NA,NA
"RT @makospearguns: ðŸ“· by @mitchell_huffman: Solid end to the summer season with saltwaterstuds 
#cobia #freediving #spearfishing #makospeargâ€¦",FALSE,0,NA,2021-09-12 21:54:33,FALSE,NA,"1437172806073061376",NA,"<a href=""https://www.abc.net.au/news/"" rel=""nofollow"">waterbot2h0</a>","waterbot_h2o",1,TRUE,FALSE,NA,NA
"ðŸ“· by @mitchell_huffman: Solid end to the summer season with saltwaterstuds 
#cobia #freediving #spearfishingâ€¦ https://t.co/LEy01GV8qM",FALSE,0,NA,2021-09-12 21:46:37,TRUE,NA,"1437170811803164672",NA,"<a href=""https://ifttt.com"" rel=""nofollow"">IFTTT</a>","makospearguns",1,FALSE,FALSE,NA,NA
"Airbenders would definitely love the #ChesapeakeBay. After all, wind plays such an important role in our region!

https://t.co/emmYbHp8wi",FALSE,2,NA,2021-09-12 21:30:04,FALSE,NA,"1437166646293110787",NA,"<a href=""https://www.hootsuite.com"" rel=""nofollow"">Hootsuite Inc.</a>","ChesapeakeNPS",0,FALSE,FALSE,NA,NA
"RT @cottage_green: Nautical Outdoor Carved Custom PVC Signs by https://t.co/mxWEx0l0jL Mockups Provided #CustomSign #PVC #ChesapeakeBay #Myâ€¦",FALSE,0,NA,2021-09-12 20:16:17,FALSE,NA,"1437148079925379077",NA,"<a href=""https://mobile.twitter.com"" rel=""nofollow"">Twitter Web App</a>","IdlewoodLlc",6,TRUE,FALSE,NA,NA
"RT @cottage_green: Nautical Outdoor Carved Custom PVC Signs by https://t.co/mxWEx0l0jL Mockups Provided #CustomSign #PVC #ChesapeakeBay #Myâ€¦",FALSE,0,NA,2021-09-12 19:54:25,FALSE,NA,"1437142575933239299",NA,"<a href=""http://twitter.com/download/iphone"" rel=""nofollow"">Twitter for iPhone</a>","prettyboutique7",6,TRUE,FALSE,NA,NA
"Terps beat Howard U in season - improve to 2-0. #NCAAFOOTBALL #Terps #BIG10 #UniversityOfMaryland #Marylandâ€¦ https://t.co/MtDXL7TxkT",FALSE,0,NA,2021-09-12 19:17:04,TRUE,NA,"1437133175017377796",NA,"<a href=""http://twitter.com/download/android"" rel=""nofollow"">Twitter for Android</a>","BirdlandDaily",0,FALSE,FALSE,NA,NA
"#Maryland #Baltimore #Crabcakes #MarylandPride #OldBay #Art #OCMD #Annapolis #CharmCity #Foodie #GoodEatsâ€¦ https://t.co/ZM7SZrDs54",FALSE,0,NA,2021-09-12 19:15:47,TRUE,NA,"1437132853452677121",NA,"<a href=""http://twitter.com/download/android"" rel=""nofollow"">Twitter for Android</a>","BirdlandDaily",0,FALSE,FALSE,NA,NA
"#Maryland #Baltimore #Crabcakes #MarylandPride #OldBay #Art #OCMD #Annapolis #CharmCity #Foodie #GoodEatsâ€¦ https://t.co/2xC7GYGMSI",FALSE,1,NA,2021-09-12 19:15:22,TRUE,NA,"1437132748796399617",NA,"<a href=""http://twitter.com/download/android"" rel=""nofollow"">Twitter for Android</a>","BirdlandDaily",0,FALSE,FALSE,NA,NA
"#Maryland #Baltimore #Crabcakes #MarylandPride #OldBay #Art #OCMD #Annapolis #CharmCity #Foodie #GoodEatsâ€¦ https://t.co/QiVXBu9DOo",FALSE,1,NA,2021-09-12 19:15:05,TRUE,NA,"1437132676901883906",NA,"<a href=""http://twitter.com/download/android"" rel=""nofollow"">Twitter for Android</a>","BirdlandDaily",0,FALSE,FALSE,NA,NA
"#Maryland #Baltimore #Crabcakes #MarylandPride #OldBay #Art #OCMD #Annapolis #CharmCity #Foodie #GoodEatsâ€¦ https://t.co/DMPsE06fEE",FALSE,1,NA,2021-09-12 19:14:48,TRUE,NA,"1437132604680155136",NA,"<a href=""http://twitter.com/download/android"" rel=""nofollow"">Twitter for Android</a>","BirdlandDaily",0,FALSE,FALSE,NA,NA
"#Maryland #Baltimore #Crabcakes #MarylandPride #OldBay #Art #OCMD #Annapolis #CharmCity #Foodie #GoodEatsâ€¦ https://t.co/MfeOR0kr94",FALSE,1,NA,2021-09-12 19:14:29,TRUE,NA,"1437132528033411077",NA,"<a href=""http://twitter.com/download/android"" rel=""nofollow"">Twitter for Android</a>","BirdlandDaily",0,FALSE,FALSE,NA,NA
"#Maryland #Baltimore #Crabcakes #MarylandPride #OldBay #Art #OCMD #Annapolis #CharmCity #Foodie #GoodEatsâ€¦ https://t.co/abic01vjJi",FALSE,1,NA,2021-09-12 19:13:54,TRUE,NA,"1437132381249540103",NA,"<a href=""http://twitter.com/download/android"" rel=""nofollow"">Twitter for Android</a>","BirdlandDaily",0,FALSE,FALSE,NA,NA
"#Maryland #Baltimore #Crabcakes #MarylandPride #OldBay #Art #OCMD #Annapolis #CharmCity #Foodie #GoodEatsâ€¦ https://t.co/iK5ygBoMRy",FALSE,1,NA,2021-09-12 19:13:38,TRUE,NA,"1437132312702033924",NA,"<a href=""http://twitter.com/download/android"" rel=""nofollow"">Twitter for Android</a>","BirdlandDaily",0,FALSE,FALSE,NA,NA
"So excited to find out #Maryland is fighting against #plasticpollution. Plastic waste is the single most preventablâ€¦ https://t.co/VmpWZ0scLV",FALSE,1,NA,2021-09-12 19:05:31,TRUE,NA,"1437130271124566016",NA,"<a href=""http://twitter.com/download/iphone"" rel=""nofollow"">Twitter for iPhone</a>","1WellnessGIRL",1,FALSE,FALSE,NA,NA
"RT @cottage_green: Nautical Outdoor Carved Custom PVC Signs by https://t.co/mxWEx0l0jL Mockups Provided #CustomSign #PVC #ChesapeakeBay #Myâ€¦",FALSE,0,NA,2021-09-12 18:18:20,FALSE,NA,"1437118394562662400",NA,"<a href=""https://mobile.twitter.com"" rel=""nofollow"">Twitter Web App</a>","CluelessTees",6,TRUE,FALSE,NA,NA
"How can you help #SaveTheBay? Eat some oysters and send in the used shells to help create new reefs in theâ€¦ https://t.co/LeFrPHYLYI",FALSE,2,NA,2021-09-12 17:45:02,TRUE,NA,"1437110014276210691",NA,"<a href=""https://www.hootsuite.com"" rel=""nofollow"">Hootsuite Inc.</a>","ChesConserv",1,FALSE,FALSE,NA,NA
"YORK COUNTY 
Every area of Coastal Virginia in #HamptonRoads is
one ""METRO"" area, yes, even up to the heafwatets ofâ€¦ https://t.co/CUMpcZpy6Z",FALSE,0,NA,2021-09-12 17:44:14,TRUE,NA,"1437109812337258498",NA,"<a href=""http://twitter.com/download/android"" rel=""nofollow"">Twitter for Android</a>","HopeFloatsVA",0,FALSE,FALSE,NA,NA
"RT @cottage_green: Nautical Outdoor Carved Custom PVC Signs by https://t.co/mxWEx0l0jL Mockups Provided #CustomSign #PVC #ChesapeakeBay #Myâ€¦",FALSE,0,NA,2021-09-12 16:13:00,FALSE,NA,"1437086853228867585",NA,"<a href=""https://mobile.twitter.com"" rel=""nofollow"">Twitter Web App</a>","cottage_green",6,TRUE,FALSE,NA,NA
"The #oyster business is becoming an #ecotourism business, &amp; for #Maryland, education is critical.  #ChesapeakeBay oâ€¦ https://t.co/k8gkTM6TrR",FALSE,8,NA,2021-09-12 15:36:38,TRUE,NA,"1437077702268305409",NA,"<a href=""https://mobile.twitter.com"" rel=""nofollow"">Twitter Web App</a>","SkywardApps",2,FALSE,FALSE,NA,NA
"RT @cottage_green: Nautical Outdoor Carved Custom PVC Signs by https://t.co/mxWEx0l0jL Mockups Provided #CustomSign #PVC #ChesapeakeBay #Myâ€¦",FALSE,0,NA,2021-09-12 09:06:22,FALSE,NA,"1436979488571674625",NA,"<a href=""http://twitter.com/download/android"" rel=""nofollow"">Twitter for Android</a>","SellableStuff",6,TRUE,FALSE,NA,NA
"RT @cottage_green: Nautical Outdoor Carved Custom PVC Signs by https://t.co/mxWEx0l0jL Mockups Provided #CustomSign #PVC #ChesapeakeBay #Myâ€¦",FALSE,0,NA,2021-09-12 08:52:44,FALSE,NA,"1436976056871923713",NA,"<a href=""https://mobile.twitter.com"" rel=""nofollow"">Twitter Web App</a>","OkroguLes",6,TRUE,FALSE,NA,NA
"Nautical Outdoor Carved Custom PVC Signs by https://t.co/mxWEx0l0jL Mockups Provided #CustomSign #PVCâ€¦ https://t.co/FfPqogBGaQ",FALSE,1,NA,2021-09-12 08:43:54,TRUE,NA,"1436973832598863875",NA,"<a href=""https://mobile.twitter.com"" rel=""nofollow"">Twitter Web App</a>","cottage_green",6,FALSE,FALSE,NA,NA
"RT @HopeFloatsVA: @marine_vision @SmithsonianMag Intensive insight. As the goals of the #ChesapeakeBay move forward to a 2025 deadline, incâ€¦",FALSE,0,NA,2021-09-12 03:42:22,FALSE,NA,"1436897949733113863",NA,"<a href=""http://twitter.com/download/iphone"" rel=""nofollow"">Twitter for iPhone</a>","supergeenie",1,TRUE,FALSE,NA,NA
"Fire by the #chesapeakebay https://t.co/eLD8eUnmIU",FALSE,0,NA,2021-09-11 23:44:14,FALSE,NA,"1436838022050373633",NA,"<a href=""http://twitter.com/download/android"" rel=""nofollow"">Twitter for Android</a>","Mayita883",0,FALSE,FALSE,NA,NA
"@marine_vision @SmithsonianMag Intensive insight. As the goals of the #ChesapeakeBay move forward to a 2025 deadlinâ€¦ https://t.co/w1L6X4hpex",FALSE,1,"marine_vision",2021-09-11 23:05:25,TRUE,"1436434307891949569","1436828255286349827","1366465062811164677","<a href=""http://twitter.com/download/android"" rel=""nofollow"">Twitter for Android</a>","HopeFloatsVA",1,FALSE,FALSE,NA,NA
"RT @ChesConserv: Anyone in the mood for some Paw Paws? The paw paw is the largest edible fruit in the United States and can be foraged easiâ€¦",FALSE,0,NA,2021-09-11 18:27:29,FALSE,NA,"1436758310494027779",NA,"<a href=""http://twitter.com/download/android"" rel=""nofollow"">Twitter for Android</a>","shashib",3,TRUE,FALSE,NA,NA
"RT @ChesConserv: Anyone in the mood for some Paw Paws? The paw paw is the largest edible fruit in the United States and can be foraged easiâ€¦",FALSE,0,NA,2021-09-11 13:57:12,FALSE,NA,"1436690291344482310",NA,"<a href=""http://twitter.com/download/iphone"" rel=""nofollow"">Twitter for iPhone</a>","MOMsOrganicMrkt",3,TRUE,FALSE,NA,NA
"RT @HopeFloatsVA: Not where we started but where we are... saving the #ChesapeakeBay means many precious things. #Shoreline #oysters &amp; #shoâ€¦",FALSE,0,NA,2021-09-11 10:31:21,FALSE,NA,"1436638487260930051",NA,"<a href=""http://twitter.com/download/android"" rel=""nofollow"">Twitter for Android</a>","Lizabethdarcy",1,TRUE,FALSE,NA,NA
"Not where we started but where we are... saving the #ChesapeakeBay means many precious things. #Shoreline #oystersâ€¦ https://t.co/hI62V5A0wc",FALSE,1,NA,2021-09-11 03:11:25,TRUE,NA,"1436527773603016704",NA,"<a href=""http://twitter.com/download/android"" rel=""nofollow"">Twitter for Android</a>","HopeFloatsVA",1,FALSE,FALSE,NA,NA
"RT @PamelaDAngelo1: â€œThis week Omega Protein, a Canadian owned seafood company, spilled more than 400,000 dead menhaden fish into Hampton Râ€¦",FALSE,0,NA,2021-09-10 23:10:39,FALSE,NA,"1436467181538222132",NA,"<a href=""http://twitter.com/download/iphone"" rel=""nofollow"">Twitter for iPhone</a>","VRBusby",2,TRUE,FALSE,NA,NA
"During the remnants of #Ida one of my Taylor oyster floats broke away. Several people saw it and maybe someone founâ€¦ https://t.co/MN5GgC0AEe",FALSE,4,NA,2021-09-10 23:00:19,TRUE,NA,"1436464584857198618",NA,"<a href=""https://mobile.twitter.com"" rel=""nofollow"">Twitter Web App</a>","PamelaDAngelo1",0,FALSE,FALSE,NA,NA
"RT @PamelaDAngelo1: â€œThis week Omega Protein, a Canadian owned seafood company, spilled more than 400,000 dead menhaden fish into Hampton Râ€¦",FALSE,0,NA,2021-09-10 22:09:00,FALSE,NA,"1436451667831136262",NA,"<a href=""http://twitter.com/download/iphone"" rel=""nofollow"">Twitter for iPhone</a>","earthling_47",2,TRUE,FALSE,NA,NA
"â€œThis week Omega Protein, a Canadian owned seafood company, spilled more than 400,000 dead menhaden fish into Hamptâ€¦ https://t.co/FHhMpxBRdu",FALSE,1,NA,2021-09-10 20:09:32,TRUE,NA,"1436421604964245516",NA,"<a href=""http://twitter.com/download/iphone"" rel=""nofollow"">Twitter for iPhone</a>","PamelaDAngelo1",2,FALSE,FALSE,NA,NA
"RT @BirdlandDaily: #Maryland #Music #LocalMusic #LiveMusic #RockAndRoll #Blues #Country #Soul #Baltimore #Hons #MarylandPride #OldBay #Artâ€¦",FALSE,0,NA,2021-09-10 19:00:03,FALSE,NA,"1436404119116320769",NA,"<a href=""https://www.agri-linc.com"" rel=""nofollow"">Farm Machinery</a>","Farm_Machinery_",1,TRUE,FALSE,NA,NA
"#Maryland #Music #LocalMusic #LiveMusic #RockAndRoll #Blues #Country #Soul #Baltimore #Hons #MarylandPride #OldBayâ€¦ https://t.co/WNcvw0fwp1",FALSE,2,NA,2021-09-10 18:58:22,TRUE,NA,"1436403693046337545",NA,"<a href=""http://twitter.com/download/android"" rel=""nofollow"">Twitter for Android</a>","BirdlandDaily",1,FALSE,FALSE,NA,NA
"RT @ChesConserv: Anyone in the mood for some Paw Paws? The paw paw is the largest edible fruit in the United States and can be foraged easiâ€¦",FALSE,0,NA,2021-09-10 18:22:01,FALSE,NA,"1436394547190407172",NA,"<a href=""https://mobile.twitter.com"" rel=""nofollow"">Twitter Web App</a>","ChesapeakeNPS",3,TRUE,FALSE,NA,NA
"Anyone in the mood for some Paw Paws? The paw paw is the largest edible fruit in the United States and can be foragâ€¦ https://t.co/sDAy7TY7UE",FALSE,14,NA,2021-09-10 17:45:03,TRUE,NA,"1436385245067194380",NA,"<a href=""https://www.hootsuite.com"" rel=""nofollow"">Hootsuite Inc.</a>","ChesConserv",3,FALSE,FALSE,NA,NA
"Nature path by the Bay. #trees #forest #nature #chesapeakebay https://t.co/kf2DZxlRtt",FALSE,1,NA,2021-09-10 17:05:08,FALSE,NA,"1436375199541350408",NA,"<a href=""http://instagram.com"" rel=""nofollow"">Instagram</a>","ToshioK",0,FALSE,FALSE,NA,NA
"Stormy Skies Summer 2021 in Dorchester County, MD. #EasternShoreMD #ChesapeakeBay #Maryland #BandWPhoto #Summer2021â€¦ https://t.co/2vhWn6xPld",FALSE,0,NA,2021-09-10 15:14:52,TRUE,NA,"1436347447056424992",NA,"<a href=""https://mobile.twitter.com"" rel=""nofollow"">Twitter Web App</a>","StevenBStudios",0,FALSE,FALSE,NA,NA
"There are plenty of National parks and trails to explore in the #ChesapeakeBay watershed!

@TubmanUGRRNPSâ€¦ https://t.co/YiPBqCGX6p",FALSE,1,NA,2021-09-10 14:00:17,TRUE,NA,"1436328681014808576",NA,"<a href=""https://www.hootsuite.com"" rel=""nofollow"">Hootsuite Inc.</a>","ChesapeakeNPS",0,FALSE,FALSE,NA,NA
"RT @PennEnvironment: New studies in the #ChesapeakeBay show that microplastics harm fish by blocking their airways and stomachs, changing tâ€¦",FALSE,0,NA,2021-09-10 13:53:50,FALSE,NA,"1436327056996978688",NA,"<a href=""https://mobile.twitter.com"" rel=""nofollow"">Twitter Web App</a>","drombit",2,TRUE,FALSE,NA,NA
"New studies in the #ChesapeakeBay show that microplastics harm fish by blocking their airways and stomachs, changinâ€¦ https://t.co/T82c9eAZ0p",FALSE,4,NA,2021-09-10 13:46:42,TRUE,NA,"1436325261516103680",NA,"<a href=""https://about.twitter.com/products/tweetdeck"" rel=""nofollow"">TweetDeck</a>","PennEnvironment",2,FALSE,FALSE,NA,NA
"De Nora Celebrates 10 Years Of Successful Operation In #ChesapeakeBay https://t.co/Z1KHFX3199",FALSE,0,NA,2021-09-10 12:00:45,FALSE,NA,"1436298596152905729",NA,"<a href=""https://www.hootsuite.com"" rel=""nofollow"">Hootsuite Inc.</a>","WaterOnline",0,FALSE,FALSE,NA,NA
"RT @ByTheBayPhotos: Sunset Glow Over the Patapsco River

#FortSmallwoodPark #AnneArundel #Maryland #ChesapeakeBay https://t.co/Lvj9PlOkkj",FALSE,0,NA,2021-09-10 03:06:13,FALSE,NA,"1436164077374656513",NA,"<a href=""http://twitter.com/download/android"" rel=""nofollow"">Twitter for Android</a>","Grvyrdmama",1,TRUE,FALSE,NA,NA
"Sunset Glow Over the Patapsco River

#FortSmallwoodPark #AnneArundel #Maryland #ChesapeakeBay https://t.co/Lvj9PlOkkj",FALSE,12,NA,2021-09-10 02:28:43,FALSE,NA,"1436154639544725506",NA,"<a href=""https://mobile.twitter.com"" rel=""nofollow"">Twitter Web App</a>","ByTheBayPhotos",1,FALSE,FALSE,NA,NA
"RT @ByTheBayPhotos: A Recent Post Storm Sunset Over Stoney Creek 

#AnneArundel #Maryland #ChesapeakeBay https://t.co/DJRgFNny3N",FALSE,0,NA,2021-09-10 01:23:08,FALSE,NA,"1436138136288047107",NA,"<a href=""http://twitter.com/download/iphone"" rel=""nofollow"">Twitter for iPhone</a>","DaBissNiss",3,TRUE,FALSE,NA,NA
"@GovLarryHogan @portofbalt If we can prove this project to be sustainable, then Iâ€™m excited. However if this meansâ€¦ https://t.co/nM3DnAWis2",FALSE,0,"GovLarryHogan",2021-09-10 00:21:25,TRUE,"1436117220552228877","1436122606130941953","2987671552","<a href=""http://twitter.com/download/iphone"" rel=""nofollow"">Twitter for iPhone</a>","1WellnessGIRL",0,FALSE,FALSE,NA,NA
"RT @ChesConserv: Conserving ancestral lands which are important to various American Indian tribes of the #ChesapeakeBay not only helps wateâ€¦",FALSE,0,NA,2021-09-09 22:51:58,FALSE,NA,"1436100092738605061",NA,"<a href=""http://twitter.com/download/android"" rel=""nofollow"">Twitter for Android</a>","HopeFloatsVA",1,TRUE,FALSE,NA,NA
"MT @ChesConserv Conserving ancestral lands which are important to various American Indian tribes of theâ€¦ https://t.co/Wy4UwWiYCU",FALSE,0,NA,2021-09-09 19:05:24,TRUE,NA,"1436043077500772354",NA,"<a href=""http://twitter.com/#!/download/ipad"" rel=""nofollow"">Twitter for iPad</a>","ndngenuity",0,FALSE,FALSE,NA,NA
"Conserving ancestral lands which are important to various American Indian tribes of the #ChesapeakeBay not only helâ€¦ https://t.co/NrWPBjIO5u",FALSE,3,NA,2021-09-09 18:45:02,TRUE,NA,"1436037951960535040",NA,"<a href=""https://www.hootsuite.com"" rel=""nofollow"">Hootsuite Inc.</a>","ChesConserv",1,FALSE,FALSE,NA,NA
"Path along the Chesapeake Bay. #nature #path #trees #bay #chesapeakebay https://t.co/bR0nxoSGcT",FALSE,1,NA,2021-09-09 18:22:01,FALSE,NA,"1436032160490610688",NA,"<a href=""http://instagram.com"" rel=""nofollow"">Instagram</a>","ToshioK",0,FALSE,FALSE,NA,NA
"And the barge makes it under the #ChesapeakeBay Bridge.
@chesapeakebay @ChesapeakeNPS @chesbayprogramâ€¦ https://t.co/XP6yLCDFAK",FALSE,3,NA,2021-09-09 16:06:25,TRUE,NA,"1435998034643628039",NA,"<a href=""http://twitter.com/#!/download/ipad"" rel=""nofollow"">Twitter for iPad</a>","Maro2Bear",0,FALSE,FALSE,NA,NA
"RT @Battlemapsus: Chesapeake Bay 1778 Revolutionary War Chart French naval chart of the #ChesapeakeBay, designed specifically for use by thâ€¦",FALSE,0,NA,2021-09-09 15:26:14,FALSE,NA,"1435987920247136256",NA,"<a href=""http://twitter.com/download/iphone"" rel=""nofollow"">Twitter for iPhone</a>","AncestorRoundup",2,TRUE,FALSE,NA,NA
"RT @VisitAnnapolis: Boats and the Bay. Quintessential #Maryland!

ðŸ“¸ cperez13

#hornpoint #annapolis #Eastport #visitannapolis #annapolis #sâ€¦",FALSE,0,NA,2021-09-09 14:15:13,FALSE,NA,"1435970048007495683",NA,"<a href=""https://premierboating.co.uk/"" rel=""nofollow"">Sailing News Retweets</a>","boatmarinelife",2,TRUE,FALSE,NA,NA
"RT @VisitAnnapolis: Boats and the Bay. Quintessential #Maryland!

ðŸ“¸ cperez13

#hornpoint #annapolis #Eastport #visitannapolis #annapolis #sâ€¦",FALSE,0,NA,2021-09-09 14:03:20,FALSE,NA,"1435967060086042632",NA,"<a href=""https://mobile.twitter.com"" rel=""nofollow"">Twitter Web App</a>","sellannapolis",2,TRUE,FALSE,NA,NA
"Boats and the Bay. Quintessential #Maryland!

ðŸ“¸ cperez13

#hornpoint #annapolis #Eastport #visitannapolisâ€¦ https://t.co/06ZW7CyznT",FALSE,7,NA,2021-09-09 14:02:17,TRUE,NA,"1435966795697983489",NA,"<a href=""https://www.hootsuite.com"" rel=""nofollow"">Hootsuite Inc.</a>","VisitAnnapolis",2,FALSE,FALSE,NA,NA
"Wolf, #Chesapeake Guvs. want $737M to help #farmers to fight #climatechange. The move was welcomed by environmentalâ€¦ https://t.co/wOtZ1nlXJk",FALSE,1,NA,2021-09-09 11:01:14,TRUE,NA,"1435921233720365065",NA,"<a href=""https://buffer.com"" rel=""nofollow"">Buffer</a>","TCRPC",0,FALSE,FALSE,NA,NA
"RT @AlittlePervy: 22,000 Y.O. Underwater Site ~ Chesapeake Bay Mastodon, Tool &amp; Solutreans? https://t.co/gTm4ETHAbx via @YouTube New video.â€¦",FALSE,0,NA,2021-09-09 05:47:10,FALSE,NA,"1435842195093852161",NA,"<a href=""http://twitter.com/download/iphone"" rel=""nofollow"">Twitter for iPhone</a>","aladwi12",4,TRUE,FALSE,NA,NA
"RT @AlittlePervy: 22,000 Y.O. Underwater Site ~ Chesapeake Bay Mastodon, Tool &amp; Solutreans? https://t.co/gTm4ETHAbx via @YouTube New video.â€¦",FALSE,0,NA,2021-09-09 02:43:00,FALSE,NA,"1435795846491254785",NA,"<a href=""https://mobile.twitter.com"" rel=""nofollow"">Twitter Web App</a>","yanneyboy1",4,TRUE,FALSE,NA,NA
"RT @AlittlePervy: 22,000 Y.O. Underwater Site ~ Chesapeake Bay Mastodon, Tool &amp; Solutreans? https://t.co/gTm4ETHAbx via @YouTube New video.â€¦",FALSE,0,NA,2021-09-09 02:26:01,FALSE,NA,"1435791571459481603",NA,"<a href=""https://mobile.twitter.com"" rel=""nofollow"">Twitter Web App</a>","TwistDead1",4,TRUE,FALSE,NA,NA
"RT @AlittlePervy: 22,000 Y.O. Underwater Site ~ Chesapeake Bay Mastodon, Tool &amp; Solutreans? https://t.co/gTm4ETHAbx via @YouTube New video.â€¦",FALSE,0,NA,2021-09-09 02:12:10,FALSE,NA,"1435788086361866242",NA,"<a href=""http://twitter.com/download/android"" rel=""nofollow"">Twitter for Android</a>","Swedtraders",4,TRUE,FALSE,NA,NA
"22,000 Y.O. Underwater Site ~ Chesapeake Bay Mastodon, Tool &amp; Solutreans? https://t.co/gTm4ETHAbx via @YouTube Newâ€¦ https://t.co/qm9kVcqFYl",FALSE,20,NA,2021-09-09 02:05:46,TRUE,NA,"1435786478320173057",NA,"<a href=""https://mobile.twitter.com"" rel=""nofollow"">Twitter Web App</a>","AlittlePervy",4,FALSE,FALSE,NA,NA
"RT @ToshioK: Chesapeake Bay and the fishing pier. #nature #chesapeakebay #bay #pier #fishing #park https://t.co/dEm5xealbS",FALSE,0,NA,2021-09-09 00:44:11,FALSE,NA,"1435765946363297792",NA,"<a href=""https://www.ben-sad@blogspot.com"" rel=""nofollow"">Fishing Tweets</a>","dailyfishingBot",1,TRUE,FALSE,NA,NA
"Chesapeake Bay and the fishing pier. #nature #chesapeakebay #bay #pier #fishing #park https://t.co/dEm5xealbS",FALSE,1,NA,2021-09-09 00:41:14,FALSE,NA,"1435765205334564864",NA,"<a href=""http://instagram.com"" rel=""nofollow"">Instagram</a>","ToshioK",1,FALSE,FALSE,NA,NA
"RT @ByTheBayPhotos: Chesapeake Bay Sunset Silhouette

#AnneArundel #Maryland #ChesapeakeBay https://t.co/xkWq56n3pe",FALSE,0,NA,2021-09-09 00:33:58,FALSE,NA,"1435763375594786818",NA,"<a href=""http://twitter.com/download/android"" rel=""nofollow"">Twitter for Android</a>","photosbyblaine",2,TRUE,FALSE,NA,NA
"RT @Battlemapsus: Chesapeake Bay 1778 Revolutionary War Chart French naval chart of the #ChesapeakeBay, designed specifically for use by thâ€¦",FALSE,0,NA,2021-09-08 23:03:16,FALSE,NA,"1435740548493611012",NA,"<a href=""http://twitter.com/download/android"" rel=""nofollow"">Twitter for Android</a>","PatriotIndiana",2,TRUE,FALSE,NA,NA
"RT @oysterrecovery: Watch out for the women! #wcw goes out to these 2 fierce females -  the first women to complete the entire #BayPaddle.â€¦",FALSE,0,NA,2021-09-08 23:02:13,FALSE,NA,"1435740285867278346",NA,"<a href=""https://mobile.twitter.com"" rel=""nofollow"">Twitter Web App</a>","sasregulus",4,TRUE,FALSE,NA,NA
"Chesapeake Bay 1778 Revolutionary War Chart French naval chart of the #ChesapeakeBay, designed specifically for useâ€¦ https://t.co/9hSECLglvf",FALSE,1,NA,2021-09-08 22:57:12,TRUE,NA,"1435739023218298880",NA,"<a href=""https://mobile.twitter.com"" rel=""nofollow"">Twitter Web App</a>","Battlemapsus",2,FALSE,FALSE,NA,NA
"RT @oysterrecovery: Watch out for the women! #wcw goes out to these 2 fierce females -  the first women to complete the entire #BayPaddle.â€¦",FALSE,0,NA,2021-09-08 16:50:33,FALSE,NA,"1435646753643106313",NA,"<a href=""http://twitter.com/download/iphone"" rel=""nofollow"">Twitter for iPhone</a>","cameronjthacker",4,TRUE,FALSE,NA,NA
"RT @oysterrecovery: Watch out for the women! #wcw goes out to these 2 fierce females -  the first women to complete the entire #BayPaddle.â€¦",FALSE,0,NA,2021-09-08 14:47:16,FALSE,NA,"1435615728544124928",NA,"<a href=""http://twitter.com/download/android"" rel=""nofollow"">Twitter for Android</a>","OCaretti",4,TRUE,FALSE,NA,NA
"Susquehanna River Basin Commission is hosting a River Walk in Harrisburg on Sept 17 at 11 am to celebrate its 50thâ€¦ https://t.co/jYOBCJJhN0",FALSE,0,NA,2021-09-08 14:30:30,TRUE,NA,"1435611506180296705",NA,"<a href=""https://www.hootsuite.com"" rel=""nofollow"">Hootsuite Inc.</a>","RiverStewardsPA",0,FALSE,FALSE,NA,NA
"RT @oysterrecovery: Watch out for the women! #wcw goes out to these 2 fierce females -  the first women to complete the entire #BayPaddle.â€¦",FALSE,0,NA,2021-09-08 14:23:48,FALSE,NA,"1435609821718458372",NA,"<a href=""http://twitter.com/download/iphone"" rel=""nofollow"">Twitter for iPhone</a>","baypaddle",4,TRUE,FALSE,NA,NA
