"Rank","Team","Points","Conference","Change","Previous Rank","Previous Ranking Class","Year","Season","Gender","Division","Description"
1,"NORTHERN ARIZONA",92,"Big Sky",0,1,"Ranked",2021,"Cross Country","Men","I","FINAL - November 21st"
2,"IOWA STATE",137,"Big 12",6,8,"Ranked",2021,"Cross Country","Men","I","FINAL - November 21st"
3,"OKLAHOMA STATE",186,"Big 12",0,3,"Ranked",2021,"Cross Country","Men","I","FINAL - November 21st"
4,"ARKANSAS",195,"SEC",0,4,"Ranked",2021,"Cross Country","Men","I","FINAL - November 21st"
5,"STANFORD",236,"Pac-12",0,5,"Ranked",2021,"Cross Country","Men","I","FINAL - November 21st"
6,"TULSA",237,"American",0,6,"Ranked",2021,"Cross Country","Men","I","FINAL - November 21st"
7,"BYU",246,"WCC",0,7,"Ranked",2021,"Cross Country","Men","I","FINAL - November 21st"
8,"COLORADO",249,"Pac-12",6,14,"Ranked",2021,"Cross Country","Men","I","FINAL - November 21st"
9,"NOTRE DAME",290,"ACC",-7,2,"Ranked",2021,"Cross Country","Men","I","FINAL - November 21st"
10,"WAKE FOREST",356,"ACC",5,15,"Ranked",2021,"Cross Country","Men","I","FINAL - November 21st"
11,"WISCONSIN",361,"Big Ten",7,18,"Ranked",2021,"Cross Country","Men","I","FINAL - November 21st"
12,"HARVARD",364,"Ivy League",20,32,"Unranked",2021,"Cross Country","Men","I","FINAL - November 21st"
13,"WASHINGTON",373,"Pac-12",12,25,"Ranked",2021,"Cross Country","Men","I","FINAL - November 21st"
14,"TEXAS",393,"Big 12",18,32,"Unranked",2021,"Cross Country","Men","I","FINAL - November 21st"
15,"OLE MISS",395,"SEC",-3,12,"Ranked",2021,"Cross Country","Men","I","FINAL - November 21st"
16,"PORTLAND",430,"WCC",5,21,"Ranked",2021,"Cross Country","Men","I","FINAL - November 21st"
17,"AIR FORCE",453,"Mountain West",2,19,"Ranked",2021,"Cross Country","Men","I","FINAL - November 21st"
18,"NORTH CAROLINA",460,"ACC",14,32,"Unranked",2021,"Cross Country","Men","I","FINAL - November 21st"
19,"SYRACUSE",485,"ACC",11,30,"Ranked",2021,"Cross Country","Men","I","FINAL - November 21st"
20,"FLORIDA STATE",517,"ACC",12,32,"Unranked",2021,"Cross Country","Men","I","FINAL - November 21st"
21,"MINNESOTA",518,"Big Ten",11,32,"Unranked",2021,"Cross Country","Men","I","FINAL - November 21st"
22,"GEORGETOWN",566,"Big East",0,22,"Ranked",2021,"Cross Country","Men","I","FINAL - November 21st"
23,"PRINCETON",567,"Ivy League",9,32,"Unranked",2021,"Cross Country","Men","I","FINAL - November 21st"
24,"SOUTHERN UTAH",573,"Big Sky",-15,9,"Ranked",2021,"Cross Country","Men","I","FINAL - November 21st"
25,"MICHIGAN",588,"Big Ten",7,32,"Unranked",2021,"Cross Country","Men","I","FINAL - November 21st"
26,"GONZAGA",612,"WCC",1,27,"Ranked",2021,"Cross Country","Men","I","FINAL - November 21st"
27,"ALABAMA",640,"SEC",5,32,"Unranked",2021,"Cross Country","Men","I","FINAL - November 21st"
28,"BUTLER",643,"Big East",-15,13,"Ranked",2021,"Cross Country","Men","I","FINAL - November 21st"
29,"OREGON",655,"Pac-12",3,32,"Unranked",2021,"Cross Country","Men","I","FINAL - November 21st"
30,"MICHIGAN STATE",681,"Big Ten",-13,17,"Ranked",2021,"Cross Country","Men","I","FINAL - November 21st"
31,"FURMAN",688,"SoCon",-7,24,"Ranked",2021,"Cross Country","Men","I","FINAL - November 21st"
1,"NC STATE",84,"ACC",1,2,"Ranked",2021,"Cross Country","Women","I","FINAL - November 21st"
2,"BYU",122,"WCC",-1,1,"Ranked",2021,"Cross Country","Women","I","FINAL - November 21st"
3,"NEW MEXICO",130,"Mountain West",3,6,"Ranked",2021,"Cross Country","Women","I","FINAL - November 21st"
4,"COLORADO",187,"Pac-12",3,7,"Ranked",2021,"Cross Country","Women","I","FINAL - November 21st"
5,"NOTRE DAME",215,"ACC",27,32,"Unranked",2021,"Cross Country","Women","I","FINAL - November 21st"
6,"STANFORD",233,"Pac-12",-3,3,"Ranked",2021,"Cross Country","Women","I","FINAL - November 21st"
7,"MINNESOTA",313,"Big Ten",-2,5,"Ranked",2021,"Cross Country","Women","I","FINAL - November 21st"
8,"ARKANSAS",328,"SEC",2,10,"Ranked",2021,"Cross Country","Women","I","FINAL - November 21st"
9,"IOWA STATE",332,"Big 12",16,25,"Ranked",2021,"Cross Country","Women","I","FINAL - November 21st"
10,"OLE MISS",350,"SEC",2,12,"Ranked",2021,"Cross Country","Women","I","FINAL - November 21st"
11,"WASHINGTON",366,"Pac-12",2,13,"Ranked",2021,"Cross Country","Women","I","FINAL - November 21st"
12,"WISCONSIN",376,"Big Ten",20,32,"Unranked",2021,"Cross Country","Women","I","FINAL - November 21st"
13,"OKLAHOMA STATE",404,"Big 12",11,24,"Ranked",2021,"Cross Country","Women","I","FINAL - November 21st"
14,"NORTH CAROLINA",405,"ACC",0,14,"Ranked",2021,"Cross Country","Women","I","FINAL - November 21st"
15,"ALABAMA",428,"SEC",-7,8,"Ranked",2021,"Cross Country","Women","I","FINAL - November 21st"
16,"MICHIGAN STATE",438,"Big Ten",-12,4,"Ranked",2021,"Cross Country","Women","I","FINAL - November 21st"
17,"COLORADO STATE",455,"Mountain West",6,23,"Ranked",2021,"Cross Country","Women","I","FINAL - November 21st"
18,"GEORGETOWN",464,"Big East",0,18,"Ranked",2021,"Cross Country","Women","I","FINAL - November 21st"
19,"FLORIDA STATE",468,"ACC",-4,15,"Ranked",2021,"Cross Country","Women","I","FINAL - November 21st"
20,"UTAH",483,"Pac-12",12,32,"Unranked",2021,"Cross Country","Women","I","FINAL - November 21st"
21,"WEST VIRGINIA",489,"Big 12",8,29,"Ranked",2021,"Cross Country","Women","I","FINAL - November 21st"
22,"MICHIGAN",500,"Big Ten",-5,17,"Ranked",2021,"Cross Country","Women","I","FINAL - November 21st"
23,"NORTHERN ARIZONA",532,"Big Sky",-12,11,"Ranked",2021,"Cross Country","Women","I","FINAL - November 21st"
24,"OREGON",534,"Pac-12",8,32,"Unranked",2021,"Cross Country","Women","I","FINAL - November 21st"
25,"HARVARD",541,"Ivy League",7,32,"Unranked",2021,"Cross Country","Women","I","FINAL - November 21st"
26,"PROVIDENCE",594,"Big East",6,32,"Unranked",2021,"Cross Country","Women","I","FINAL - November 21st"
27,"VILLANOVA",605,"Big East",5,32,"Unranked",2021,"Cross Country","Women","I","FINAL - November 21st"
28,"UTAH STATE",638,"Mountain West",4,32,"Unranked",2021,"Cross Country","Women","I","FINAL - November 21st"
29,"BUTLER",660,"Big East",3,32,"Unranked",2021,"Cross Country","Women","I","FINAL - November 21st"
30,"SYRACUSE",768,"ACC",2,32,"Unranked",2021,"Cross Country","Women","I","FINAL - November 21st"
31,"RICE",811,"Conference USA",1,32,"Unranked",2021,"Cross Country","Women","I","FINAL - November 21st"
1,"NORTHERN ARIZONA",60,"Big Sky",1,2,"Ranked",2020,"Cross Country","Men","I","FINAL - March 15th"
2,"NOTRE DAME",87,"ACC",7,9,"Ranked",2020,"Cross Country","Men","I","FINAL - March 15th"
3,"OKLAHOMA STATE",142,"Big 12",3,6,"Ranked",2020,"Cross Country","Men","I","FINAL - March 15th"
4,"ARKANSAS",181,"SEC",-1,3,"Ranked",2020,"Cross Country","Men","I","FINAL - March 15th"
5,"STANFORD",194,"Pac-12",-1,4,"Ranked",2020,"Cross Country","Men","I","FINAL - March 15th"
6,"TULSA",237,"American",-1,5,"Ranked",2020,"Cross Country","Men","I","FINAL - March 15th"
7,"BYU",254,"WCC",-6,1,"Ranked",2020,"Cross Country","Men","I","FINAL - March 15th"
8,"IOWA STATE",265,"Big 12",-1,7,"Ranked",2020,"Cross Country","Men","I","FINAL - March 15th"
9,"SOUTHERN UTAH",270,"Big Sky",17,26,"Ranked",2020,"Cross Country","Men","I","FINAL - March 15th"
10,"IONA",311,"Metro Atlantic",2,12,"Ranked",2020,"Cross Country","Men","I","FINAL - March 15th"
11,"UTAH STATE",351,"Mountain West",10,21,"Ranked",2020,"Cross Country","Men","I","FINAL - March 15th"
12,"OLE MISS",373,"SEC",3,15,"Ranked",2020,"Cross Country","Men","I","FINAL - March 15th"
13,"BUTLER",379,"Big East",9,22,"Ranked",2020,"Cross Country","Men","I","FINAL - March 15th"
14,"COLORADO",398,"Pac-12",-6,8,"Ranked",2020,"Cross Country","Men","I","FINAL - March 15th"
15,"WAKE FOREST",425,"ACC",5,20,"Ranked",2020,"Cross Country","Men","I","FINAL - March 15th"
16,"DUKE",462,"ACC",16,32,"Unranked",2020,"Cross Country","Men","I","FINAL - March 15th"
17,"MICHIGAN STATE",463,"Big Ten",11,28,"Ranked",2020,"Cross Country","Men","I","FINAL - March 15th"
18,"WISCONSIN",464,"Big Ten",-7,11,"Ranked",2020,"Cross Country","Men","I","FINAL - March 15th"
19,"AIR FORCE",464,"Mountain West",0,19,"Ranked",2020,"Cross Country","Men","I","FINAL - March 15th"
20,"VILLANOVA",468,"Big East",12,32,"Unranked",2020,"Cross Country","Men","I","FINAL - March 15th"
21,"PORTLAND",472,"WCC",-4,17,"Ranked",2020,"Cross Country","Men","I","FINAL - March 15th"
22,"GEORGETOWN",528,"Big East",10,32,"Unranked",2020,"Cross Country","Men","I","FINAL - March 15th"
23,"NC STATE",547,"ACC",-10,13,"Ranked",2020,"Cross Country","Men","I","FINAL - March 15th"
24,"FURMAN",560,"SoCon",8,32,"Unranked",2020,"Cross Country","Men","I","FINAL - March 15th"
25,"WASHINGTON",568,"Pac-12",-15,10,"Ranked",2020,"Cross Country","Men","I","FINAL - March 15th"
26,"INDIANA",572,"Big Ten",-9,17,"Ranked",2020,"Cross Country","Men","I","FINAL - March 15th"
27,"GONZAGA",591,"WCC",-13,14,"Ranked",2020,"Cross Country","Men","I","FINAL - March 15th"
28,"CHARLOTTE",634,"Conference USA",2,30,"Ranked",2020,"Cross Country","Men","I","FINAL - March 15th"
29,"PURDUE",741,"Big Ten",-5,24,"Ranked",2020,"Cross Country","Men","I","FINAL - March 15th"
30,"SYRACUSE",761,"ACC",-5,25,"Ranked",2020,"Cross Country","Men","I","FINAL - March 15th"
1,"BYU",96,"WCC",1,2,"Ranked",2020,"Cross Country","Women","I","FINAL - March 15th"
2,"NC STATE",161,"ACC",3,5,"Ranked",2020,"Cross Country","Women","I","FINAL - March 15th"
3,"STANFORD",207,"Pac-12",1,4,"Ranked",2020,"Cross Country","Women","I","FINAL - March 15th"
4,"MICHIGAN STATE",212,"Big Ten",3,7,"Ranked",2020,"Cross Country","Women","I","FINAL - March 15th"
5,"MINNESOTA",239,"Big Ten",6,11,"Ranked",2020,"Cross Country","Women","I","FINAL - March 15th"
6,"NEW MEXICO",274,"Mountain West",-3,3,"Ranked",2020,"Cross Country","Women","I","FINAL - March 15th"
7,"COLORADO",279,"Pac-12",-1,6,"Ranked",2020,"Cross Country","Women","I","FINAL - March 15th"
8,"ALABAMA",280,"SEC",5,13,"Ranked",2020,"Cross Country","Women","I","FINAL - March 15th"
9,"BOISE STATE",304,"Mountain West",1,10,"Ranked",2020,"Cross Country","Women","I","FINAL - March 15th"
10,"ARKANSAS",316,"SEC",-9,1,"Ranked",2020,"Cross Country","Women","I","FINAL - March 15th"
11,"NORTHERN ARIZONA",318,"Big Sky",-2,9,"Ranked",2020,"Cross Country","Women","I","FINAL - March 15th"
12,"OLE MISS",325,"SEC",14,26,"Ranked",2020,"Cross Country","Women","I","FINAL - March 15th"
13,"WASHINGTON",330,"Pac-12",-1,12,"Ranked",2020,"Cross Country","Women","I","FINAL - March 15th"
14,"NORTH CAROLINA",354,"ACC",18,32,"Unranked",2020,"Cross Country","Women","I","FINAL - March 15th"
15,"FLORIDA STATE",363,"ACC",3,18,"Ranked",2020,"Cross Country","Women","I","FINAL - March 15th"
16,"OREGON STATE",375,"Pac-12",7,23,"Ranked",2020,"Cross Country","Women","I","FINAL - March 15th"
17,"MICHIGAN",400,"Big Ten",-9,8,"Ranked",2020,"Cross Country","Women","I","FINAL - March 15th"
18,"GEORGETOWN",494,"Big East",3,21,"Ranked",2020,"Cross Country","Women","I","FINAL - March 15th"
19,"INDIANA",494,"Big Ten",-2,17,"Ranked",2020,"Cross Country","Women","I","FINAL - March 15th"
20,"GEORGIA TECH",508,"ACC",-5,15,"Ranked",2020,"Cross Country","Women","I","FINAL - March 15th"
21,"ILLINOIS",521,"Big Ten",-5,16,"Ranked",2020,"Cross Country","Women","I","FINAL - March 15th"
22,"PORTLAND",522,"WCC",-2,20,"Ranked",2020,"Cross Country","Women","I","FINAL - March 15th"
23,"COLORADO STATE",532,"Mountain West",9,32,"Unranked",2020,"Cross Country","Women","I","FINAL - March 15th"
24,"OKLAHOMA STATE",535,"Big 12",-2,22,"Ranked",2020,"Cross Country","Women","I","FINAL - March 15th"
25,"IOWA STATE",580,"Big 12",-1,24,"Ranked",2020,"Cross Country","Women","I","FINAL - March 15th"
26,"LIBERTY",611,"ASUN",6,32,"Unranked",2020,"Cross Country","Women","I","FINAL - March 15th"
27,"DUKE",625,"ACC",-8,19,"Ranked",2020,"Cross Country","Women","I","FINAL - March 15th"
28,"TULSA",650,"American",4,32,"Unranked",2020,"Cross Country","Women","I","FINAL - March 15th"
29,"WEST VIRGINIA",668,"Big 12",-2,27,"Ranked",2020,"Cross Country","Women","I","FINAL - March 15th"
30,"SAN FRANCISCO",688,"WCC",-3,27,"Ranked",2020,"Cross Country","Women","I","FINAL - March 15th"
31,"FURMAN",761,"SoCon",-17,14,"Ranked",2020,"Cross Country","Women","I","FINAL - March 15th"
1,"BYU",109,"WCC",1,2,"Ranked",2019,"Cross Country","Men","I","FINAL - November 23rd"
2,"NORTHERN ARIZONA",163,"Big Sky",-1,1,"Ranked",2019,"Cross Country","Men","I","FINAL - November 23rd"
3,"COLORADO",164,"Pac-12",1,4,"Ranked",2019,"Cross Country","Men","I","FINAL - November 23rd"
4,"IOWA STATE",211,"Big 12",3,7,"Ranked",2019,"Cross Country","Men","I","FINAL - November 23rd"
5,"TULSA",243,"American",25,30,"Ranked",2019,"Cross Country","Men","I","FINAL - November 23rd"
6,"STANFORD",248,"Pac-12",-1,5,"Ranked",2019,"Cross Country","Men","I","FINAL - November 23rd"
7,"MICHIGAN",250,"Big Ten",12,19,"Ranked",2019,"Cross Country","Men","I","FINAL - November 23rd"
8,"NOTRE DAME",269,"ACC",6,14,"Ranked",2019,"Cross Country","Men","I","FINAL - November 23rd"
9,"OREGON",307,"Pac-12",6,15,"Ranked",2019,"Cross Country","Men","I","FINAL - November 23rd"
10,"PORTLAND",314,"WCC",-7,3,"Ranked",2019,"Cross Country","Men","I","FINAL - November 23rd"
11,"PURDUE",338,"Big Ten",18,29,"Ranked",2019,"Cross Country","Men","I","FINAL - November 23rd"
12,"IONA",348,"Metro Atlantic",16,28,"Ranked",2019,"Cross Country","Men","I","FINAL - November 23rd"
13,"INDIANA",367,"Big Ten",5,18,"Ranked",2019,"Cross Country","Men","I","FINAL - November 23rd"
14,"FURMAN",379,"SoCon",18,32,"Unranked",2019,"Cross Country","Men","I","FINAL - November 23rd"
15,"HARVARD",384,"Ivy League",17,32,"Unranked",2019,"Cross Country","Men","I","FINAL - November 23rd"
16,"UTAH STATE",428,"Mountain West",16,32,"Unranked",2019,"Cross Country","Men","I","FINAL - November 23rd"
17,"VIRGINIA TECH",451,"ACC",15,32,"Unranked",2019,"Cross Country","Men","I","FINAL - November 23rd"
18,"WISCONSIN",462,"Big Ten",-10,8,"Ranked",2019,"Cross Country","Men","I","FINAL - November 23rd"
19,"WASHINGTON",466,"Pac-12",-13,6,"Ranked",2019,"Cross Country","Men","I","FINAL - November 23rd"
20,"VIRGINIA",468,"ACC",12,32,"Unranked",2019,"Cross Country","Men","I","FINAL - November 23rd"
21,"BOISE STATE",525,"Mountain West",-11,10,"Ranked",2019,"Cross Country","Men","I","FINAL - November 23rd"
22,"OLE MISS",535,"SEC",-5,17,"Ranked",2019,"Cross Country","Men","I","FINAL - November 23rd"
23,"VILLANOVA",556,"Big East",0,23,"Ranked",2019,"Cross Country","Men","I","FINAL - November 23rd"
24,"ALABAMA",582,"SEC",8,32,"Unranked",2019,"Cross Country","Men","I","FINAL - November 23rd"
25,"TEXAS",588,"Big 12",2,27,"Ranked",2019,"Cross Country","Men","I","FINAL - November 23rd"
26,"NC STATE",605,"ACC",-15,11,"Ranked",2019,"Cross Country","Men","I","FINAL - November 23rd"
27,"SYRACUSE",610,"ACC",-1,26,"Ranked",2019,"Cross Country","Men","I","FINAL - November 23rd"
28,"GEORGETOWN",676,"Big East",4,32,"Unranked",2019,"Cross Country","Men","I","FINAL - November 23rd"
29,"FLORIDA STATE",694,"ACC",2,31,"Ranked",2019,"Cross Country","Men","I","FINAL - November 23rd"
30,"ARKANSAS",728,"SEC",-5,25,"Ranked",2019,"Cross Country","Men","I","FINAL - November 23rd"
31,"MIDDLE TENNESSEE",865,"Conference USA",1,32,"Unranked",2019,"Cross Country","Men","I","FINAL - November 23rd"
1,"ARKANSAS",96,"SEC",13,14,"Ranked",2019,"Cross Country","Women","I","FINAL - November 23rd"
2,"BYU",102,"WCC",5,7,"Ranked",2019,"Cross Country","Women","I","FINAL - November 23rd"
3,"STANFORD",123,"Pac-12",2,5,"Ranked",2019,"Cross Country","Women","I","FINAL - November 23rd"
4,"NEW MEXICO",168,"Mountain West",-2,2,"Ranked",2019,"Cross Country","Women","I","FINAL - November 23rd"
5,"NC STATE",190,"ACC",8,13,"Ranked",2019,"Cross Country","Women","I","FINAL - November 23rd"
6,"MICHIGAN STATE",209,"Big Ten",5,11,"Ranked",2019,"Cross Country","Women","I","FINAL - November 23rd"
7,"WISCONSIN",235,"Big Ten",3,10,"Ranked",2019,"Cross Country","Women","I","FINAL - November 23rd"
8,"AIR FORCE",259,"Mountain West",24,32,"Unranked",2019,"Cross Country","Women","I","FINAL - November 23rd"
9,"FURMAN",290,"SoCon",14,23,"Ranked",2019,"Cross Country","Women","I","FINAL - November 23rd"
10,"COLORADO",294,"Pac-12",-9,1,"Ranked",2019,"Cross Country","Women","I","FINAL - November 23rd"
11,"WASHINGTON",296,"Pac-12",-2,9,"Ranked",2019,"Cross Country","Women","I","FINAL - November 23rd"
12,"FLORIDA STATE",308,"ACC",14,26,"Ranked",2019,"Cross Country","Women","I","FINAL - November 23rd"
13,"MICHIGAN",395,"Big Ten",-9,4,"Ranked",2019,"Cross Country","Women","I","FINAL - November 23rd"
14,"NORTHERN ARIZONA",406,"Big Sky",18,32,"Unranked",2019,"Cross Country","Women","I","FINAL - November 23rd"
15,"NOTRE DAME",415,"ACC",-7,8,"Ranked",2019,"Cross Country","Women","I","FINAL - November 23rd"
16,"UTAH",471,"Pac-12",16,32,"Unranked",2019,"Cross Country","Women","I","FINAL - November 23rd"
17,"BOISE STATE",474,"Mountain West",-11,6,"Ranked",2019,"Cross Country","Women","I","FINAL - November 23rd"
18,"PENN STATE",482,"Big Ten",2,20,"Ranked",2019,"Cross Country","Women","I","FINAL - November 23rd"
19,"INDIANA",509,"Big Ten",-2,17,"Ranked",2019,"Cross Country","Women","I","FINAL - November 23rd"
20,"BOSTON COLLEGE",514,"ACC",12,32,"Unranked",2019,"Cross Country","Women","I","FINAL - November 23rd"
21,"OLE MISS",541,"SEC",1,22,"Ranked",2019,"Cross Country","Women","I","FINAL - November 23rd"
22,"ILLINOIS",549,"Big Ten",10,32,"Unranked",2019,"Cross Country","Women","I","FINAL - November 23rd"
23,"OHIO STATE",566,"Big Ten",9,32,"Unranked",2019,"Cross Country","Women","I","FINAL - November 23rd"
24,"VILLANOVA",575,"Big East",0,24,"Ranked",2019,"Cross Country","Women","I","FINAL - November 23rd"
25,"TULSA",584,"American",7,32,"Unranked",2019,"Cross Country","Women","I","FINAL - November 23rd"
26,"OREGON",618,"Pac-12",-23,3,"Ranked",2019,"Cross Country","Women","I","FINAL - November 23rd"
27,"COLUMBIA",624,"Ivy League",-9,18,"Ranked",2019,"Cross Country","Women","I","FINAL - November 23rd"
28,"MINNESOTA",691,"Big Ten",1,29,"Ranked",2019,"Cross Country","Women","I","FINAL - November 23rd"
29,"CORNELL",693,"Ivy League",3,32,"Unranked",2019,"Cross Country","Women","I","FINAL - November 23rd"
30,"TEXAS",713,"Big 12",1,31,"Ranked",2019,"Cross Country","Women","I","FINAL - November 23rd"
31,"HARVARD",787,"Ivy League",1,32,"Unranked",2019,"Cross Country","Women","I","FINAL - November 23rd"
1,"NORTHERN ARIZONA",83,"Big Sky",0,1,"Ranked",2018,"Cross Country","Men","I","FINAL - November 17th"
2,"BYU",116,"WCC",1,3,"Ranked",2018,"Cross Country","Men","I","FINAL - November 17th"
3,"PORTLAND",160,"WCC",-1,2,"Ranked",2018,"Cross Country","Men","I","FINAL - November 17th"
4,"COLORADO",178,"Pac-12",4,8,"Ranked",2018,"Cross Country","Men","I","FINAL - November 17th"
5,"STANFORD",201,"Pac-12",-1,4,"Ranked",2018,"Cross Country","Men","I","FINAL - November 17th"
6,"WASHINGTON",213,"Pac-12",16,22,"Ranked",2018,"Cross Country","Men","I","FINAL - November 17th"
7,"IOWA STATE",220,"Big 12",0,7,"Ranked",2018,"Cross Country","Men","I","FINAL - November 17th"
8,"WISCONSIN",240,"Big Ten",24,32,"Unranked",2018,"Cross Country","Men","I","FINAL - November 17th"
9,"COLORADO STATE",309,"Mountain West",0,9,"Ranked",2018,"Cross Country","Men","I","FINAL - November 17th"
10,"BOISE STATE",342,"Mountain West",9,19,"Ranked",2018,"Cross Country","Men","I","FINAL - November 17th"
11,"NC STATE",342,"ACC",6,17,"Ranked",2018,"Cross Country","Men","I","FINAL - November 17th"
12,"WYOMING",371,"Mountain West",20,32,"Unranked",2018,"Cross Country","Men","I","FINAL - November 17th"
13,"OKLAHOMA STATE",378,"Big 12",16,29,"Ranked",2018,"Cross Country","Men","I","FINAL - November 17th"
14,"NOTRE DAME",401,"ACC",18,32,"Unranked",2018,"Cross Country","Men","I","FINAL - November 17th"
15,"OREGON",407,"Pac-12",-9,6,"Ranked",2018,"Cross Country","Men","I","FINAL - November 17th"
16,"EASTERN KENTUCKY",430,"OVC",16,32,"Unranked",2018,"Cross Country","Men","I","FINAL - November 17th"
17,"OLE MISS",431,"SEC",1,18,"Ranked",2018,"Cross Country","Men","I","FINAL - November 17th"
18,"INDIANA",469,"Big Ten",14,32,"Unranked",2018,"Cross Country","Men","I","FINAL - November 17th"
19,"MICHIGAN",483,"Big Ten",-9,10,"Ranked",2018,"Cross Country","Men","I","FINAL - November 17th"
20,"AIR FORCE",498,"Mountain West",-5,15,"Ranked",2018,"Cross Country","Men","I","FINAL - November 17th"
21,"SOUTHERN UTAH",523,"Big Sky",-10,11,"Ranked",2018,"Cross Country","Men","I","FINAL - November 17th"
22,"PRINCETON",557,"Ivy League",6,28,"Ranked",2018,"Cross Country","Men","I","FINAL - November 17th"
23,"VILLANOVA",577,"Big East",9,32,"Unranked",2018,"Cross Country","Men","I","FINAL - November 17th"
24,"BRADLEY",580,"Missouri Valley",8,32,"Unranked",2018,"Cross Country","Men","I","FINAL - November 17th"
25,"ARKANSAS",602,"SEC",-20,5,"Ranked",2018,"Cross Country","Men","I","FINAL - November 17th"
26,"SYRACUSE",603,"ACC",-13,13,"Ranked",2018,"Cross Country","Men","I","FINAL - November 17th"
27,"TEXAS",630,"Big 12",3,30,"Ranked",2018,"Cross Country","Men","I","FINAL - November 17th"
28,"IONA",634,"Metro Atlantic",-16,12,"Ranked",2018,"Cross Country","Men","I","FINAL - November 17th"
29,"PURDUE",702,"Big Ten",3,32,"Unranked",2018,"Cross Country","Men","I","FINAL - November 17th"
30,"TULSA",777,"American",2,32,"Unranked",2018,"Cross Country","Men","I","FINAL - November 17th"
31,"FLORIDA STATE",845,"ACC",1,32,"Unranked",2018,"Cross Country","Men","I","FINAL - November 17th"
1,"COLORADO",65,"Pac-12",2,3,"Ranked",2018,"Cross Country","Women","I","FINAL - November 17th"
2,"NEW MEXICO",103,"Mountain West",-1,1,"Ranked",2018,"Cross Country","Women","I","FINAL - November 17th"
3,"OREGON",160,"Pac-12",2,5,"Ranked",2018,"Cross Country","Women","I","FINAL - November 17th"
4,"MICHIGAN",213,"Big Ten",5,9,"Ranked",2018,"Cross Country","Women","I","FINAL - November 17th"
5,"STANFORD",232,"Pac-12",-1,4,"Ranked",2018,"Cross Country","Women","I","FINAL - November 17th"
6,"BOISE STATE",288,"Mountain West",0,6,"Ranked",2018,"Cross Country","Women","I","FINAL - November 17th"
7,"BYU",310,"WCC",4,11,"Ranked",2018,"Cross Country","Women","I","FINAL - November 17th"
8,"NOTRE DAME",313,"ACC",24,32,"Unranked",2018,"Cross Country","Women","I","FINAL - November 17th"
9,"WASHINGTON",321,"Pac-12",12,21,"Ranked",2018,"Cross Country","Women","I","FINAL - November 17th"
10,"WISCONSIN",325,"Big Ten",0,10,"Ranked",2018,"Cross Country","Women","I","FINAL - November 17th"
11,"MICHIGAN STATE",341,"Big Ten",4,15,"Ranked",2018,"Cross Country","Women","I","FINAL - November 17th"
12,"PORTLAND",344,"WCC",20,32,"Unranked",2018,"Cross Country","Women","I","FINAL - November 17th"
13,"NC STATE",367,"ACC",-5,8,"Ranked",2018,"Cross Country","Women","I","FINAL - November 17th"
14,"ARKANSAS",398,"SEC",-1,13,"Ranked",2018,"Cross Country","Women","I","FINAL - November 17th"
15,"IOWA STATE",403,"Big 12",5,20,"Ranked",2018,"Cross Country","Women","I","FINAL - November 17th"
16,"FLORIDA",455,"SEC",16,32,"Unranked",2018,"Cross Country","Women","I","FINAL - November 17th"
17,"INDIANA",455,"Big Ten",7,24,"Ranked",2018,"Cross Country","Women","I","FINAL - November 17th"
18,"COLUMBIA",468,"Ivy League",10,28,"Ranked",2018,"Cross Country","Women","I","FINAL - November 17th"
19,"OKLAHOMA STATE",481,"Big 12",11,30,"Ranked",2018,"Cross Country","Women","I","FINAL - November 17th"
20,"PENN STATE",482,"Big Ten",-2,18,"Ranked",2018,"Cross Country","Women","I","FINAL - November 17th"
21,"PRINCETON",488,"Ivy League",11,32,"Unranked",2018,"Cross Country","Women","I","FINAL - November 17th"
22,"OLE MISS",509,"SEC",3,25,"Ranked",2018,"Cross Country","Women","I","FINAL - November 17th"
23,"FURMAN",527,"SoCon",-16,7,"Ranked",2018,"Cross Country","Women","I","FINAL - November 17th"
24,"VILLANOVA",547,"Big East",-12,12,"Ranked",2018,"Cross Country","Women","I","FINAL - November 17th"
25,"SOUTHERN UTAH",564,"Big Sky",7,32,"Unranked",2018,"Cross Country","Women","I","FINAL - November 17th"
26,"FLORIDA STATE",584,"ACC",6,32,"Unranked",2018,"Cross Country","Women","I","FINAL - November 17th"
27,"OREGON STATE",600,"Pac-12",5,32,"Unranked",2018,"Cross Country","Women","I","FINAL - November 17th"
28,"GEORGIA TECH",653,"ACC",4,32,"Unranked",2018,"Cross Country","Women","I","FINAL - November 17th"
29,"MINNESOTA",673,"Big Ten",-10,19,"Ranked",2018,"Cross Country","Women","I","FINAL - November 17th"
30,"DARTMOUTH",751,"Ivy League",-1,29,"Ranked",2018,"Cross Country","Women","I","FINAL - November 17th"
31,"TEXAS",862,"Big 12",0,31,"Ranked",2018,"Cross Country","Women","I","FINAL - November 17th"
1,"NORTHERN ARIZONA",74,"Big Sky",0,1,"Ranked",2017,"Cross Country","Men","I","FINAL - November 18th"
2,"PORTLAND",127,"West Coast",11,13,"Ranked",2017,"Cross Country","Men","I","FINAL - November 18th"
3,"BYU",165,"West Coast",4,7,"Ranked",2017,"Cross Country","Men","I","FINAL - November 18th"
4,"STANFORD",221,"Pac-12",-2,2,"Ranked",2017,"Cross Country","Men","I","FINAL - November 18th"
5,"ARKANSAS",259,"SEC",0,5,"Ranked",2017,"Cross Country","Men","I","FINAL - November 18th"
6,"OREGON",274,"Pac-12",3,9,"Ranked",2017,"Cross Country","Men","I","FINAL - November 18th"
7,"IOWA STATE",279,"Big 12",9,16,"Ranked",2017,"Cross Country","Men","I","FINAL - November 18th"
8,"COLORADO",294,"Pac-12",-2,6,"Ranked",2017,"Cross Country","Men","I","FINAL - November 18th"
9,"COLORADO STATE",318,"Mountain West",8,17,"Ranked",2017,"Cross Country","Men","I","FINAL - November 18th"
10,"MICHIGAN",328,"Big Ten",22,32,"Unranked",2017,"Cross Country","Men","I","FINAL - November 18th"
11,"SOUTHERN UTAH",334,"Big Sky",16,27,"Ranked",2017,"Cross Country","Men","I","FINAL - November 18th"
12,"IONA",373,"Metro Atlantic",-2,10,"Ranked",2017,"Cross Country","Men","I","FINAL - November 18th"
13,"SYRACUSE",406,"ACC",-10,3,"Ranked",2017,"Cross Country","Men","I","FINAL - November 18th"
14,"ALABAMA",420,"SEC",18,32,"Unranked",2017,"Cross Country","Men","I","FINAL - November 18th"
15,"AIR FORCE",429,"Mountain West",17,32,"Unranked",2017,"Cross Country","Men","I","FINAL - November 18th"
16,"VIRGINIA",436,"ACC",2,18,"Ranked",2017,"Cross Country","Men","I","FINAL - November 18th"
17,"NC STATE",455,"ACC",5,22,"Ranked",2017,"Cross Country","Men","I","FINAL - November 18th"
18,"OLE MISS",465,"SEC",-14,4,"Ranked",2017,"Cross Country","Men","I","FINAL - November 18th"
19,"BOISE STATE",475,"Mountain West",0,19,"Ranked",2017,"Cross Country","Men","I","FINAL - November 18th"
20,"VIRGINIA TECH",481,"ACC",12,32,"Unranked",2017,"Cross Country","Men","I","FINAL - November 18th"
21,"UCLA",485,"Pac-12",-6,15,"Ranked",2017,"Cross Country","Men","I","FINAL - November 18th"
22,"WASHINGTON",488,"Pac-12",10,32,"Unranked",2017,"Cross Country","Men","I","FINAL - November 18th"
23,"MIDDLE TENNESSEE",513,"Conference USA",5,28,"Ranked",2017,"Cross Country","Men","I","FINAL - November 18th"
24,"WASHINGTON STATE",539,"Pac-12",-10,14,"Ranked",2017,"Cross Country","Men","I","FINAL - November 18th"
25,"MICHIGAN STATE",590,"Big Ten",-5,20,"Ranked",2017,"Cross Country","Men","I","FINAL - November 18th"
26,"FURMAN",603,"SoCon",6,32,"Unranked",2017,"Cross Country","Men","I","FINAL - November 18th"
27,"UTAH STATE",603,"Mountain West",5,32,"Unranked",2017,"Cross Country","Men","I","FINAL - November 18th"
28,"PRINCETON",620,"Ivy League",4,32,"Unranked",2017,"Cross Country","Men","I","FINAL - November 18th"
29,"OKLAHOMA STATE",637,"Big 12",-17,12,"Ranked",2017,"Cross Country","Men","I","FINAL - November 18th"
30,"TEXAS",759,"Big 12",0,30,"Ranked",2017,"Cross Country","Men","I","FINAL - November 18th"
31,"NAVY",855,"Patriot",-5,26,"Ranked",2017,"Cross Country","Men","I","FINAL - November 18th"
1,"NEW MEXICO",90,"Mountain West",6,7,"Ranked",2017,"Cross Country","Women","I","FINAL - November 18th"
2,"SAN FRANCISCO",105,"West Coast",4,6,"Ranked",2017,"Cross Country","Women","I","FINAL - November 18th"
3,"COLORADO",139,"Pac-12",0,3,"Ranked",2017,"Cross Country","Women","I","FINAL - November 18th"
4,"STANFORD",165,"Pac-12",1,5,"Ranked",2017,"Cross Country","Women","I","FINAL - November 18th"
5,"OREGON",203,"Pac-12",-4,1,"Ranked",2017,"Cross Country","Women","I","FINAL - November 18th"
6,"BOISE STATE",264,"Mountain West",26,32,"Unranked",2017,"Cross Country","Women","I","FINAL - November 18th"
7,"FURMAN",271,"SoCon",25,32,"Unranked",2017,"Cross Country","Women","I","FINAL - November 18th"
8,"NC STATE",280,"ACC",-4,4,"Ranked",2017,"Cross Country","Women","I","FINAL - November 18th"
9,"MICHIGAN",295,"Big Ten",-7,2,"Ranked",2017,"Cross Country","Women","I","FINAL - November 18th"
10,"WISCONSIN",318,"Big Ten",4,14,"Ranked",2017,"Cross Country","Women","I","FINAL - November 18th"
11,"BYU",342,"West Coast",-1,10,"Ranked",2017,"Cross Country","Women","I","FINAL - November 18th"
12,"VILLANOVA",346,"Big East",9,21,"Ranked",2017,"Cross Country","Women","I","FINAL - November 18th"
13,"ARKANSAS",377,"SEC",6,19,"Ranked",2017,"Cross Country","Women","I","FINAL - November 18th"
14,"UTAH STATE",395,"Mountain West",18,32,"Unranked",2017,"Cross Country","Women","I","FINAL - November 18th"
15,"MICHIGAN STATE",395,"Big Ten",-7,8,"Ranked",2017,"Cross Country","Women","I","FINAL - November 18th"
16,"PROVIDENCE",400,"Big East",-3,13,"Ranked",2017,"Cross Country","Women","I","FINAL - November 18th"
17,"GEORGIA",411,"SEC",15,32,"Unranked",2017,"Cross Country","Women","I","FINAL - November 18th"
18,"PENN STATE",443,"Big Ten",0,18,"Ranked",2017,"Cross Country","Women","I","FINAL - November 18th"
19,"MINNESOTA",488,"Big Ten",13,32,"Unranked",2017,"Cross Country","Women","I","FINAL - November 18th"
20,"IOWA STATE",508,"Big 12",9,29,"Ranked",2017,"Cross Country","Women","I","FINAL - November 18th"
21,"WASHINGTON",513,"Pac-12",-9,12,"Ranked",2017,"Cross Country","Women","I","FINAL - November 18th"
22,"CALIFORNIA",530,"Pac-12",10,32,"Unranked",2017,"Cross Country","Women","I","FINAL - November 18th"
23,"EASTERN KENTUCKY",537,"Ohio Valley",9,32,"Unranked",2017,"Cross Country","Women","I","FINAL - November 18th"
24,"INDIANA",562,"Big Ten",8,32,"Unranked",2017,"Cross Country","Women","I","FINAL - November 18th"
25,"OLE MISS",571,"SEC",-2,23,"Ranked",2017,"Cross Country","Women","I","FINAL - November 18th"
26,"SYRACUSE",582,"ACC",6,32,"Unranked",2017,"Cross Country","Women","I","FINAL - November 18th"
27,"EASTERN MICHIGAN",603,"Mid-American",-18,9,"Ranked",2017,"Cross Country","Women","I","FINAL - November 18th"
28,"COLUMBIA",672,"Ivy League",4,32,"Unranked",2017,"Cross Country","Women","I","FINAL - November 18th"
29,"DARTMOUTH",745,"Ivy League",3,32,"Unranked",2017,"Cross Country","Women","I","FINAL - November 18th"
30,"OKLAHOMA STATE",748,"Big 12",-13,17,"Ranked",2017,"Cross Country","Women","I","FINAL - November 18th"
31,"TEXAS",788,"Big 12",1,32,"Unranked",2017,"Cross Country","Women","I","FINAL - November 18th"
1,"NORTHERN ARIZONA",125,"Big Sky",31,32,"Unranked",2016,"Cross Country","Men","I","FINAL - November 19th"
2,"STANFORD",158,"Pac-12",1,3,"Ranked",2016,"Cross Country","Men","I","FINAL - November 19th"
3,"SYRACUSE",164,"ACC",-2,1,"Ranked",2016,"Cross Country","Men","I","FINAL - November 19th"
4,"OLE MISS",196,"SEC",26,30,"Ranked",2016,"Cross Country","Men","I","FINAL - November 19th"
5,"ARKANSAS",206,"SEC",1,6,"Ranked",2016,"Cross Country","Men","I","FINAL - November 19th"
6,"COLORADO",223,"Pac-12",-4,2,"Ranked",2016,"Cross Country","Men","I","FINAL - November 19th"
7,"BYU",247,"WCC",5,12,"Ranked",2016,"Cross Country","Men","I","FINAL - November 19th"
8,"WISCONSIN",256,"Big Ten",24,32,"Unranked",2016,"Cross Country","Men","I","FINAL - November 19th"
9,"OREGON",282,"Pac-12",-5,4,"Ranked",2016,"Cross Country","Men","I","FINAL - November 19th"
10,"IONA",319,"Metro Atlantic",-5,5,"Ranked",2016,"Cross Country","Men","I","FINAL - November 19th"
11,"TULSA",340,"American",9,20,"Ranked",2016,"Cross Country","Men","I","FINAL - November 19th"
12,"OKLAHOMA STATE",363,"Big 12",6,18,"Ranked",2016,"Cross Country","Men","I","FINAL - November 19th"
13,"PORTLAND",368,"WCC",19,32,"Unranked",2016,"Cross Country","Men","I","FINAL - November 19th"
14,"WASHINGTON STATE",370,"Pac-12",12,26,"Ranked",2016,"Cross Country","Men","I","FINAL - November 19th"
15,"UCLA",378,"Pac-12",-1,14,"Ranked",2016,"Cross Country","Men","I","FINAL - November 19th"
16,"IOWA STATE",384,"Big 12",16,32,"Unranked",2016,"Cross Country","Men","I","FINAL - November 19th"
17,"COLORADO STATE",388,"Mountain West",15,32,"Unranked",2016,"Cross Country","Men","I","FINAL - November 19th"
18,"VIRGINIA",476,"ACC",4,22,"Ranked",2016,"Cross Country","Men","I","FINAL - November 19th"
19,"BOISE STATE",478,"Mountain West",-3,16,"Ranked",2016,"Cross Country","Men","I","FINAL - November 19th"
20,"MICHIGAN STATE",504,"Big Ten",5,25,"Ranked",2016,"Cross Country","Men","I","FINAL - November 19th"
21,"GEORGETOWN",534,"Big East",-11,10,"Ranked",2016,"Cross Country","Men","I","FINAL - November 19th"
22,"NC STATE",543,"ACC",6,28,"Ranked",2016,"Cross Country","Men","I","FINAL - November 19th"
23,"ILLINOIS",564,"Big Ten",9,32,"Unranked",2016,"Cross Country","Men","I","FINAL - November 19th"
24,"PROVIDENCE",611,"Big East",8,32,"Unranked",2016,"Cross Country","Men","I","FINAL - November 19th"
25,"DARTMOUTH",621,"Ivy League",7,32,"Unranked",2016,"Cross Country","Men","I","FINAL - November 19th"
26,"NAVY",622,"Patriot",6,32,"Unranked",2016,"Cross Country","Men","I","FINAL - November 19th"
27,"SOUTHERN UTAH",629,"Big Sky",-6,21,"Ranked",2016,"Cross Country","Men","I","FINAL - November 19th"
28,"MIDDLE TENNESSEE",697,"Conference USA",4,32,"Unranked",2016,"Cross Country","Men","I","FINAL - November 19th"
29,"UTEP",707,"Conference USA",-18,11,"Ranked",2016,"Cross Country","Men","I","FINAL - November 19th"
30,"TEXAS",736,"Big 12",1,31,"Ranked",2016,"Cross Country","Men","I","FINAL - November 19th"
31,"CALIFORNIA",776,"Pac-12",-8,23,"Ranked",2016,"Cross Country","Men","I","FINAL - November 19th"
1,"OREGON",125,"Pac-12",2,3,"Ranked",2016,"Cross Country","Women","I","FINAL - November 19th"
2,"MICHIGAN",126,"Big Ten",4,6,"Ranked",2016,"Cross Country","Women","I","FINAL - November 19th"
3,"COLORADO",134,"Pac-12",-1,2,"Ranked",2016,"Cross Country","Women","I","FINAL - November 19th"
4,"NC STATE",223,"ACC",1,5,"Ranked",2016,"Cross Country","Women","I","FINAL - November 19th"
5,"STANFORD",255,"Pac-12",9,14,"Ranked",2016,"Cross Country","Women","I","FINAL - November 19th"
6,"SAN FRANCISCO",307,"WCC",22,28,"Ranked",2016,"Cross Country","Women","I","FINAL - November 19th"
7,"NEW MEXICO",310,"Mountain West",-6,1,"Ranked",2016,"Cross Country","Women","I","FINAL - November 19th"
8,"MICHIGAN STATE",314,"Big Ten",5,13,"Ranked",2016,"Cross Country","Women","I","FINAL - November 19th"
9,"EASTERN MICHIGAN",316,"Mid-American",23,32,"Unranked",2016,"Cross Country","Women","I","FINAL - November 19th"
10,"BYU",328,"WCC",13,23,"Ranked",2016,"Cross Country","Women","I","FINAL - November 19th"
11,"NOTRE DAME",338,"ACC",-3,8,"Ranked",2016,"Cross Country","Women","I","FINAL - November 19th"
12,"WASHINGTON",352,"Pac-12",-2,10,"Ranked",2016,"Cross Country","Women","I","FINAL - November 19th"
13,"PROVIDENCE",399,"Big East",-9,4,"Ranked",2016,"Cross Country","Women","I","FINAL - November 19th"
14,"WISCONSIN",451,"Big Ten",18,32,"Unranked",2016,"Cross Country","Women","I","FINAL - November 19th"
15,"MISSISSIPPI STATE",459,"SEC",2,17,"Ranked",2016,"Cross Country","Women","I","FINAL - November 19th"
16,"MISSOURI",459,"SEC",16,32,"Unranked",2016,"Cross Country","Women","I","FINAL - November 19th"
17,"OKLAHOMA STATE",465,"Big 12",-10,7,"Ranked",2016,"Cross Country","Women","I","FINAL - November 19th"
18,"PENN STATE",465,"Big Ten",-2,16,"Ranked",2016,"Cross Country","Women","I","FINAL - November 19th"
19,"ARKANSAS",476,"SEC",-10,9,"Ranked",2016,"Cross Country","Women","I","FINAL - November 19th"
20,"UTAH",493,"Pac-12",6,26,"Ranked",2016,"Cross Country","Women","I","FINAL - November 19th"
21,"VILLANOVA",505,"Big East",9,30,"Ranked",2016,"Cross Country","Women","I","FINAL - November 19th"
22,"PORTLAND",509,"WCC",10,32,"Unranked",2016,"Cross Country","Women","I","FINAL - November 19th"
23,"OLE MISS",514,"SEC",9,32,"Unranked",2016,"Cross Country","Women","I","FINAL - November 19th"
24,"PENN",520,"Ivy League",8,32,"Unranked",2016,"Cross Country","Women","I","FINAL - November 19th"
25,"AIR FORCE",527,"Mountain West",7,32,"Unranked",2016,"Cross Country","Women","I","FINAL - November 19th"
26,"HARVARD",551,"Ivy League",6,32,"Unranked",2016,"Cross Country","Women","I","FINAL - November 19th"
27,"BAYLOR",586,"Big 12",5,32,"Unranked",2016,"Cross Country","Women","I","FINAL - November 19th"
28,"UCLA",596,"Pac-12",4,32,"Unranked",2016,"Cross Country","Women","I","FINAL - November 19th"
29,"IOWA STATE",608,"Big 12",-5,24,"Ranked",2016,"Cross Country","Women","I","FINAL - November 19th"
30,"YALE",661,"Ivy League",2,32,"Unranked",2016,"Cross Country","Women","I","FINAL - November 19th"
31,"LOUISVILLE",788,"ACC",1,32,"Unranked",2016,"Cross Country","Women","I","FINAL - November 19th"
1,"SYRACUSE",82,"ACC",4,5,"Ranked",2015,"Cross Country","Men","I","FINAL - November 21st"
2,"COLORADO",91,"Pac-12",-1,1,"Ranked",2015,"Cross Country","Men","I","FINAL - November 21st"
3,"STANFORD",151,"Pac-12",-1,2,"Ranked",2015,"Cross Country","Men","I","FINAL - November 21st"
4,"OREGON",183,"Pac-12",2,6,"Ranked",2015,"Cross Country","Men","I","FINAL - November 21st"
5,"IONA",231,"Metro Atlantic",3,8,"Ranked",2015,"Cross Country","Men","I","FINAL - November 21st"
6,"ARKANSAS",244,"SEC",22,28,"Ranked",2015,"Cross Country","Men","I","FINAL - November 21st"
7,"LOUISVILLE",331,"ACC",25,32,"Unranked",2015,"Cross Country","Men","I","FINAL - November 21st"
8,"WASHINGTON",345,"Pac-12",12,20,"Ranked",2015,"Cross Country","Men","I","FINAL - November 21st"
9,"MICHIGAN",348,"Big Ten",2,11,"Ranked",2015,"Cross Country","Men","I","FINAL - November 21st"
10,"GEORGETOWN",352,"Big East",7,17,"Ranked",2015,"Cross Country","Men","I","FINAL - November 21st"
11,"UTEP",354,"Conference USA",16,27,"Ranked",2015,"Cross Country","Men","I","FINAL - November 21st"
12,"BYU",406,"WCC",4,16,"Ranked",2015,"Cross Country","Men","I","FINAL - November 21st"
13,"FURMAN",423,"SoCon",17,30,"Ranked",2015,"Cross Country","Men","I","FINAL - November 21st"
14,"UCLA",429,"Pac-12",4,18,"Ranked",2015,"Cross Country","Men","I","FINAL - November 21st"
15,"OKLAHOMA",432,"Big 12",17,32,"Unranked",2015,"Cross Country","Men","I","FINAL - November 21st"
16,"BOISE STATE",435,"Mountain West",16,32,"Unranked",2015,"Cross Country","Men","I","FINAL - November 21st"
17,"EASTERN KENTUCKY",446,"OVC",6,23,"Ranked",2015,"Cross Country","Men","I","FINAL - November 21st"
18,"OKLAHOMA STATE",450,"Big 12",-9,9,"Ranked",2015,"Cross Country","Men","I","FINAL - November 21st"
19,"MINNESOTA",464,"Big Ten",13,32,"Unranked",2015,"Cross Country","Men","I","FINAL - November 21st"
20,"TULSA",468,"American",5,25,"Ranked",2015,"Cross Country","Men","I","FINAL - November 21st"
21,"SOUTHERN UTAH",477,"Big Sky",1,22,"Ranked",2015,"Cross Country","Men","I","FINAL - November 21st"
22,"VIRGINIA",480,"ACC",-1,21,"Ranked",2015,"Cross Country","Men","I","FINAL - November 21st"
23,"CALIFORNIA",524,"Pac-12",9,32,"Unranked",2015,"Cross Country","Men","I","FINAL - November 21st"
24,"PENN",526,"Ivy League",8,32,"Unranked",2015,"Cross Country","Men","I","FINAL - November 21st"
25,"MICHIGAN STATE",543,"Big Ten",-1,24,"Ranked",2015,"Cross Country","Men","I","FINAL - November 21st"
26,"WASHINGTON STATE",547,"Pac-12",6,32,"Unranked",2015,"Cross Country","Men","I","FINAL - November 21st"
27,"VIRGINIA TECH",581,"ACC",5,32,"Unranked",2015,"Cross Country","Men","I","FINAL - November 21st"
28,"NC STATE",596,"ACC",4,32,"Unranked",2015,"Cross Country","Men","I","FINAL - November 21st"
29,"FLORIDA STATE",598,"ACC",2,31,"Ranked",2015,"Cross Country","Men","I","FINAL - November 21st"
30,"OLE MISS",607,"SEC",-1,29,"Ranked",2015,"Cross Country","Men","I","FINAL - November 21st"
31,"TEXAS",833,"Big 12",-5,26,"Ranked",2015,"Cross Country","Men","I","FINAL - November 21st"
1,"NEW MEXICO",49,"Mountain West",2,3,"Ranked",2015,"Cross Country","Women","I","FINAL - November 21st"
2,"COLORADO",129,"Pac-12",5,7,"Ranked",2015,"Cross Country","Women","I","FINAL - November 21st"
3,"OREGON",214,"Pac-12",3,6,"Ranked",2015,"Cross Country","Women","I","FINAL - November 21st"
4,"PROVIDENCE",231,"Big East",9,13,"Ranked",2015,"Cross Country","Women","I","FINAL - November 21st"
5,"NC STATE",264,"ACC",11,16,"Ranked",2015,"Cross Country","Women","I","FINAL - November 21st"
6,"MICHIGAN",264,"Big Ten",12,18,"Ranked",2015,"Cross Country","Women","I","FINAL - November 21st"
7,"OKLAHOMA STATE",274,"Big 12",25,32,"Unranked",2015,"Cross Country","Women","I","FINAL - November 21st"
8,"NOTRE DAME",276,"ACC",21,29,"Ranked",2015,"Cross Country","Women","I","FINAL - November 21st"
9,"ARKANSAS",276,"SEC",-4,5,"Ranked",2015,"Cross Country","Women","I","FINAL - November 21st"
10,"WASHINGTON",297,"Pac-12",13,23,"Ranked",2015,"Cross Country","Women","I","FINAL - November 21st"
11,"BOISE STATE",330,"Mountain West",0,11,"Ranked",2015,"Cross Country","Women","I","FINAL - November 21st"
12,"SYRACUSE",359,"ACC",12,24,"Ranked",2015,"Cross Country","Women","I","FINAL - November 21st"
13,"MICHIGAN STATE",368,"Big Ten",-12,1,"Ranked",2015,"Cross Country","Women","I","FINAL - November 21st"
14,"STANFORD",379,"Pac-12",0,14,"Ranked",2015,"Cross Country","Women","I","FINAL - November 21st"
15,"VIRGINIA",386,"ACC",0,15,"Ranked",2015,"Cross Country","Women","I","FINAL - November 21st"
16,"PENN STATE",396,"Big Ten",16,32,"Unranked",2015,"Cross Country","Women","I","FINAL - November 21st"
17,"MISSISSIPPI STATE",405,"SEC",15,32,"Unranked",2015,"Cross Country","Women","I","FINAL - November 21st"
18,"MINNESOTA",471,"Big Ten",13,31,"Ranked",2015,"Cross Country","Women","I","FINAL - November 21st"
19,"VANDERBILT",474,"SEC",9,28,"Ranked",2015,"Cross Country","Women","I","FINAL - November 21st"
20,"GEORGETOWN",491,"Big East",-16,4,"Ranked",2015,"Cross Country","Women","I","FINAL - November 21st"
21,"PRINCETON",524,"Ivy League",11,32,"Unranked",2015,"Cross Country","Women","I","FINAL - November 21st"
22,"WEBER STATE",558,"Big Sky",10,32,"Unranked",2015,"Cross Country","Women","I","FINAL - November 21st"
23,"BYU",591,"WCC",9,32,"Unranked",2015,"Cross Country","Women","I","FINAL - November 21st"
24,"IOWA STATE",591,"Big 12",-22,2,"Ranked",2015,"Cross Country","Women","I","FINAL - November 21st"
25,"GONZAGA",615,"WCC",7,32,"Unranked",2015,"Cross Country","Women","I","FINAL - November 21st"
26,"UTAH",618,"Pac-12",6,32,"Unranked",2015,"Cross Country","Women","I","FINAL - November 21st"
27,"KANSAS",625,"Big 12",5,32,"Unranked",2015,"Cross Country","Women","I","FINAL - November 21st"
28,"SAN FRANCISCO",636,"WCC",4,32,"Unranked",2015,"Cross Country","Women","I","FINAL - November 21st"
29,"TULSA",646,"American",3,32,"Unranked",2015,"Cross Country","Women","I","FINAL - November 21st"
30,"VILLANOVA",667,"Big East",2,32,"Unranked",2015,"Cross Country","Women","I","FINAL - November 21st"
31,"TEXAS",828,"Big 12",1,32,"Unranked",2015,"Cross Country","Women","I","FINAL - November 21st"
1,"COLORADO",65,"Pac-12",0,1,"Ranked",2014,"Cross Country","Men","I","FINAL - November 22nd"
2,"STANFORD",98,"Pac-12",17,19,"Ranked",2014,"Cross Country","Men","I","FINAL - November 22nd"
3,"PORTLAND",175,"WCC",4,7,"Ranked",2014,"Cross Country","Men","I","FINAL - November 22nd"
4,"NORTHERN ARIZONA",188,"Big Sky",-2,2,"Ranked",2014,"Cross Country","Men","I","FINAL - November 22nd"
5,"SYRACUSE",206,"ACC",5,10,"Ranked",2014,"Cross Country","Men","I","FINAL - November 22nd"
6,"OREGON",221,"Pac-12",-1,5,"Ranked",2014,"Cross Country","Men","I","FINAL - November 22nd"
7,"VILLANOVA",230,"Big East",11,18,"Ranked",2014,"Cross Country","Men","I","FINAL - November 22nd"
8,"IONA",270,"Metro Atlantic",-2,6,"Ranked",2014,"Cross Country","Men","I","FINAL - November 22nd"
9,"OKLAHOMA STATE",296,"Big 12",-6,3,"Ranked",2014,"Cross Country","Men","I","FINAL - November 22nd"
10,"WISCONSIN",335,"Big Ten",-1,9,"Ranked",2014,"Cross Country","Men","I","FINAL - November 22nd"
11,"MICHIGAN",365,"Big Ten",10,21,"Ranked",2014,"Cross Country","Men","I","FINAL - November 22nd"
12,"NORTH CAROLINA",380,"ACC",5,17,"Ranked",2014,"Cross Country","Men","I","FINAL - November 22nd"
13,"PROVIDENCE",393,"Big East",3,16,"Ranked",2014,"Cross Country","Men","I","FINAL - November 22nd"
14,"NEW MEXICO",394,"Mountain West",-3,11,"Ranked",2014,"Cross Country","Men","I","FINAL - November 22nd"
15,"INDIANA",416,"Big Ten",-7,8,"Ranked",2014,"Cross Country","Men","I","FINAL - November 22nd"
16,"BYU",437,"WCC",-12,4,"Ranked",2014,"Cross Country","Men","I","FINAL - November 22nd"
17,"GEORGETOWN",444,"Big East",15,32,"Unranked",2014,"Cross Country","Men","I","FINAL - November 22nd"
18,"UCLA",454,"Pac-12",14,32,"Unranked",2014,"Cross Country","Men","I","FINAL - November 22nd"
19,"COLORADO STATE",468,"Mountain West",7,26,"Ranked",2014,"Cross Country","Men","I","FINAL - November 22nd"
20,"WASHINGTON",479,"Pac-12",12,32,"Unranked",2014,"Cross Country","Men","I","FINAL - November 22nd"
21,"VIRGINIA",502,"ACC",-8,13,"Ranked",2014,"Cross Country","Men","I","FINAL - November 22nd"
22,"SOUTHERN UTAH",578,"Big Sky",10,32,"Unranked",2014,"Cross Country","Men","I","FINAL - November 22nd"
23,"EASTERN KENTUCKY",579,"OVC",-8,15,"Ranked",2014,"Cross Country","Men","I","FINAL - November 22nd"
24,"MICHIGAN STATE",583,"Big Ten",8,32,"Unranked",2014,"Cross Country","Men","I","FINAL - November 22nd"
25,"TULSA",584,"American",2,27,"Ranked",2014,"Cross Country","Men","I","FINAL - November 22nd"
26,"TEXAS",615,"Big 12",-12,14,"Ranked",2014,"Cross Country","Men","I","FINAL - November 22nd"
27,"UTEP",629,"Conference USA",5,32,"Unranked",2014,"Cross Country","Men","I","FINAL - November 22nd"
28,"ARKANSAS",647,"SEC",-16,12,"Ranked",2014,"Cross Country","Men","I","FINAL - November 22nd"
29,"OLE MISS",685,"SEC",3,32,"Unranked",2014,"Cross Country","Men","I","FINAL - November 22nd"
30,"FURMAN",747,"SoCon",2,32,"Unranked",2014,"Cross Country","Men","I","FINAL - November 22nd"
31,"FLORIDA STATE",822,"ACC",1,32,"Unranked",2014,"Cross Country","Men","I","FINAL - November 22nd"
1,"MICHIGAN STATE",85,"Big Ten",5,6,"Ranked",2014,"Cross Country","Women","I","FINAL - November 22nd"
2,"IOWA STATE",147,"Big 12",11,13,"Ranked",2014,"Cross Country","Women","I","FINAL - November 22nd"
3,"NEW MEXICO",188,"Mountain West",7,10,"Ranked",2014,"Cross Country","Women","I","FINAL - November 22nd"
4,"GEORGETOWN",189,"Big East",1,5,"Ranked",2014,"Cross Country","Women","I","FINAL - November 22nd"
5,"ARKANSAS",209,"SEC",10,15,"Ranked",2014,"Cross Country","Women","I","FINAL - November 22nd"
6,"OREGON",249,"Pac-12",8,14,"Ranked",2014,"Cross Country","Women","I","FINAL - November 22nd"
7,"COLORADO",267,"Pac-12",0,7,"Ranked",2014,"Cross Country","Women","I","FINAL - November 22nd"
8,"WEST VIRGINIA",277,"Big 12",16,24,"Ranked",2014,"Cross Country","Women","I","FINAL - November 22nd"
9,"IONA",377,"Metro Atlantic",23,32,"Unranked",2014,"Cross Country","Women","I","FINAL - November 22nd"
10,"WISCONSIN",382,"Big Ten",11,21,"Ranked",2014,"Cross Country","Women","I","FINAL - November 22nd"
11,"BOISE STATE",392,"Mountain West",21,32,"Unranked",2014,"Cross Country","Women","I","FINAL - November 22nd"
12,"FLORIDA STATE",393,"ACC",-4,8,"Ranked",2014,"Cross Country","Women","I","FINAL - November 22nd"
13,"PROVIDENCE",401,"Big East",-12,1,"Ranked",2014,"Cross Country","Women","I","FINAL - November 22nd"
14,"STANFORD",415,"Pac-12",-3,11,"Ranked",2014,"Cross Country","Women","I","FINAL - November 22nd"
15,"VIRGINIA",433,"ACC",-6,9,"Ranked",2014,"Cross Country","Women","I","FINAL - November 22nd"
16,"NC STATE",456,"ACC",16,32,"Unranked",2014,"Cross Country","Women","I","FINAL - November 22nd"
17,"WILLIAM & MARY",463,"Colonial",-5,12,"Ranked",2014,"Cross Country","Women","I","FINAL - November 22nd"
18,"MICHIGAN",474,"Big Ten",-14,4,"Ranked",2014,"Cross Country","Women","I","FINAL - November 22nd"
19,"BAYLOR",479,"Big 12",13,32,"Unranked",2014,"Cross Country","Women","I","FINAL - November 22nd"
20,"DARTMOUTH",508,"Ivy League",-4,16,"Ranked",2014,"Cross Country","Women","I","FINAL - November 22nd"
21,"BOSTON COLLEGE",514,"ACC",11,32,"Unranked",2014,"Cross Country","Women","I","FINAL - November 22nd"
22,"NORTH CAROLINA",515,"ACC",10,32,"Unranked",2014,"Cross Country","Women","I","FINAL - November 22nd"
23,"WASHINGTON",559,"Pac-12",-6,17,"Ranked",2014,"Cross Country","Women","I","FINAL - November 22nd"
24,"SYRACUSE",559,"ACC",-2,22,"Ranked",2014,"Cross Country","Women","I","FINAL - November 22nd"
25,"VIRGINIA TECH",574,"ACC",7,32,"Unranked",2014,"Cross Country","Women","I","FINAL - November 22nd"
26,"OHIO STATE",577,"Big Ten",6,32,"Unranked",2014,"Cross Country","Women","I","FINAL - November 22nd"
27,"UCLA",582,"Pac-12",5,32,"Unranked",2014,"Cross Country","Women","I","FINAL - November 22nd"
28,"VANDERBILT",598,"SEC",-1,27,"Ranked",2014,"Cross Country","Women","I","FINAL - November 22nd"
29,"NOTRE DAME",609,"ACC",0,29,"Ranked",2014,"Cross Country","Women","I","FINAL - November 22nd"
30,"TOLEDO",613,"Mid-American",2,32,"Unranked",2014,"Cross Country","Women","I","FINAL - November 22nd"
31,"MINNESOTA",663,"Big Ten",-11,20,"Ranked",2014,"Cross Country","Women","I","FINAL - November 22nd"
1,"COLORADO",149,"Pac-12",2,3,"Ranked",2013,"Cross Country","Men","I","FINAL - November 23rd"
2,"NORTHERN ARIZONA",169,"Big Sky",2,4,"Ranked",2013,"Cross Country","Men","I","FINAL - November 23rd"
3,"OKLAHOMA STATE",230,"Big 12",-2,1,"Ranked",2013,"Cross Country","Men","I","FINAL - November 23rd"
4,"BYU",267,"WCC",2,6,"Ranked",2013,"Cross Country","Men","I","FINAL - November 23rd"
5,"OREGON",274,"Pac-12",15,20,"Ranked",2013,"Cross Country","Men","I","FINAL - November 23rd"
6,"IONA",284,"Metro Atlantic",23,29,"Ranked",2013,"Cross Country","Men","I","FINAL - November 23rd"
7,"PORTLAND",293,"WCC",5,12,"Ranked",2013,"Cross Country","Men","I","FINAL - November 23rd"
8,"INDIANA",306,"Big Ten",10,18,"Ranked",2013,"Cross Country","Men","I","FINAL - November 23rd"
9,"WISCONSIN",326,"Big Ten",-7,2,"Ranked",2013,"Cross Country","Men","I","FINAL - November 23rd"
10,"SYRACUSE",329,"ACC",5,15,"Ranked",2013,"Cross Country","Men","I","FINAL - November 23rd"
11,"NEW MEXICO",334,"Mountain West",10,21,"Ranked",2013,"Cross Country","Men","I","FINAL - November 23rd"
12,"ARKANSAS",340,"SEC",-2,10,"Ranked",2013,"Cross Country","Men","I","FINAL - November 23rd"
13,"VIRGINIA",370,"ACC",1,14,"Ranked",2013,"Cross Country","Men","I","FINAL - November 23rd"
14,"TEXAS",376,"Big 12",-5,9,"Ranked",2013,"Cross Country","Men","I","FINAL - November 23rd"
15,"EASTERN KENTUCKY",380,"OVC",9,24,"Ranked",2013,"Cross Country","Men","I","FINAL - November 23rd"
16,"PROVIDENCE",396,"Big East",16,32,"Unranked",2013,"Cross Country","Men","I","FINAL - November 23rd"
17,"NORTH CAROLINA",403,"ACC",15,32,"Unranked",2013,"Cross Country","Men","I","FINAL - November 23rd"
18,"VILLANOVA",415,"Big East",9,27,"Ranked",2013,"Cross Country","Men","I","FINAL - November 23rd"
19,"STANFORD",417,"Pac-12",-3,16,"Ranked",2013,"Cross Country","Men","I","FINAL - November 23rd"
20,"AIR FORCE",419,"Mountain West",12,32,"Unranked",2013,"Cross Country","Men","I","FINAL - November 23rd"
21,"MICHIGAN",433,"Big Ten",2,23,"Ranked",2013,"Cross Country","Men","I","FINAL - November 23rd"
22,"PRINCETON",469,"Ivy League",-11,11,"Ranked",2013,"Cross Country","Men","I","FINAL - November 23rd"
23,"NOTRE DAME",484,"ACC",5,28,"Ranked",2013,"Cross Country","Men","I","FINAL - November 23rd"
24,"DARTMOUTH",551,"Ivy League",8,32,"Unranked",2013,"Cross Country","Men","I","FINAL - November 23rd"
25,"COLUMBIA",580,"Ivy League",-8,17,"Ranked",2013,"Cross Country","Men","I","FINAL - November 23rd"
26,"COLORADO STATE",606,"Mountain West",6,32,"Unranked",2013,"Cross Country","Men","I","FINAL - November 23rd"
27,"TULSA",628,"Conference USA",-20,7,"Ranked",2013,"Cross Country","Men","I","FINAL - November 23rd"
28,"NC STATE",630,"ACC",-2,26,"Ranked",2013,"Cross Country","Men","I","FINAL - November 23rd"
29,"FLORIDA",654,"SEC",3,32,"Unranked",2013,"Cross Country","Men","I","FINAL - November 23rd"
30,"HARVARD",678,"Ivy League",2,32,"Unranked",2013,"Cross Country","Men","I","FINAL - November 23rd"
31,"GEORGIA",690,"SEC",-12,19,"Ranked",2013,"Cross Country","Men","I","FINAL - November 23rd"
1,"PROVIDENCE",141,"Big East",1,2,"Ranked",2013,"Cross Country","Women","I","FINAL - November 23rd"
2,"ARIZONA",197,"Pac-12",4,6,"Ranked",2013,"Cross Country","Women","I","FINAL - November 23rd"
3,"BUTLER",200,"Big East",26,29,"Ranked",2013,"Cross Country","Women","I","FINAL - November 23rd"
4,"MICHIGAN",215,"Big Ten",1,5,"Ranked",2013,"Cross Country","Women","I","FINAL - November 23rd"
5,"GEORGETOWN",226,"Big East",7,12,"Ranked",2013,"Cross Country","Women","I","FINAL - November 23rd"
6,"MICHIGAN STATE",236,"Big Ten",10,16,"Ranked",2013,"Cross Country","Women","I","FINAL - November 23rd"
7,"COLORADO",265,"Pac-12",17,24,"Ranked",2013,"Cross Country","Women","I","FINAL - November 23rd"
8,"FLORIDA STATE",278,"ACC",-4,4,"Ranked",2013,"Cross Country","Women","I","FINAL - November 23rd"
9,"VIRGINIA",283,"ACC",23,32,"Unranked",2013,"Cross Country","Women","I","FINAL - November 23rd"
10,"NEW MEXICO",301,"Mountain West",0,10,"Ranked",2013,"Cross Country","Women","I","FINAL - November 23rd"
11,"STANFORD",322,"Pac-12",-8,3,"Ranked",2013,"Cross Country","Women","I","FINAL - November 23rd"
12,"WILLIAM & MARY",326,"Colonial",9,21,"Ranked",2013,"Cross Country","Women","I","FINAL - November 23rd"
13,"IOWA STATE",333,"Big 12",-2,11,"Ranked",2013,"Cross Country","Women","I","FINAL - November 23rd"
14,"OREGON",340,"Pac-12",-13,1,"Ranked",2013,"Cross Country","Women","I","FINAL - November 23rd"
15,"ARKANSAS",340,"SEC",3,18,"Ranked",2013,"Cross Country","Women","I","FINAL - November 23rd"
16,"DARTMOUTH",369,"Ivy League",16,32,"Unranked",2013,"Cross Country","Women","I","FINAL - November 23rd"
17,"WASHINGTON",376,"Pac-12",-8,9,"Ranked",2013,"Cross Country","Women","I","FINAL - November 23rd"
18,"SAN FRANCISCO",385,"WCC",14,32,"Unranked",2013,"Cross Country","Women","I","FINAL - November 23rd"
19,"VILLANOVA",397,"Big East",1,20,"Ranked",2013,"Cross Country","Women","I","FINAL - November 23rd"
20,"MINNESOTA",406,"Big Ten",2,22,"Ranked",2013,"Cross Country","Women","I","FINAL - November 23rd"
21,"WISCONSIN",489,"Big Ten",11,32,"Unranked",2013,"Cross Country","Women","I","FINAL - November 23rd"
22,"SYRACUSE",516,"ACC",10,32,"Unranked",2013,"Cross Country","Women","I","FINAL - November 23rd"
23,"CORNELL",569,"Ivy League",-10,13,"Ranked",2013,"Cross Country","Women","I","FINAL - November 23rd"
24,"WEST VIRGINIA",621,"Big 12",8,32,"Unranked",2013,"Cross Country","Women","I","FINAL - November 23rd"
25,"PENN STATE",640,"Big Ten",-11,14,"Ranked",2013,"Cross Country","Women","I","FINAL - November 23rd"
26,"INDIANA",673,"Big Ten",6,32,"Unranked",2013,"Cross Country","Women","I","FINAL - November 23rd"
27,"VANDERBILT",676,"SEC",0,27,"Ranked",2013,"Cross Country","Women","I","FINAL - November 23rd"
28,"BYU",687,"WCC",4,32,"Unranked",2013,"Cross Country","Women","I","FINAL - November 23rd"
29,"NOTRE DAME",688,"ACC",-14,15,"Ranked",2013,"Cross Country","Women","I","FINAL - November 23rd"
30,"PRINCETON",704,"Ivy League",2,32,"Unranked",2013,"Cross Country","Women","I","FINAL - November 23rd"
31,"SMU",790,"American",1,32,"Unranked",2013,"Cross Country","Women","I","FINAL - November 23rd"
1,"OKLAHOMA STATE",72,"Big 12",1,2,"Ranked",2012,"Cross Country","Men","I","FINAL - November 17th"
2,"WISCONSIN",135,"Big Ten",-1,1,"Ranked",2012,"Cross Country","Men","I","FINAL - November 17th"
3,"COLORADO",158,"Pac-12",0,3,"Ranked",2012,"Cross Country","Men","I","FINAL - November 17th"
4,"NORTHERN ARIZONA",191,"Big Sky",10,14,"Ranked",2012,"Cross Country","Men","I","FINAL - November 17th"
5,"FLORIDA STATE",238,"ACC",7,12,"Ranked",2012,"Cross Country","Men","I","FINAL - November 17th"
6,"BYU",245,"WCC",-2,4,"Ranked",2012,"Cross Country","Men","I","FINAL - November 17th"
7,"TULSA",247,"Conference USA",18,25,"Ranked",2012,"Cross Country","Men","I","FINAL - November 17th"
8,"OKLAHOMA",262,"Big 12",-2,6,"Ranked",2012,"Cross Country","Men","I","FINAL - November 17th"
9,"TEXAS",291,"Big 12",2,11,"Ranked",2012,"Cross Country","Men","I","FINAL - November 17th"
10,"ARKANSAS",327,"SEC",22,32,"Unranked",2012,"Cross Country","Men","I","FINAL - November 17th"
11,"PRINCETON",358,"Ivy League",8,19,"Ranked",2012,"Cross Country","Men","I","FINAL - November 17th"
12,"PORTLAND",365,"WCC",-4,8,"Ranked",2012,"Cross Country","Men","I","FINAL - November 17th"
13,"UCLA",376,"Pac-12",19,32,"Unranked",2012,"Cross Country","Men","I","FINAL - November 17th"
14,"VIRGINIA",382,"ACC",18,32,"Unranked",2012,"Cross Country","Men","I","FINAL - November 17th"
15,"SYRACUSE",405,"Big East (1st Ed.)",0,15,"Ranked",2012,"Cross Country","Men","I","FINAL - November 17th"
16,"STANFORD",408,"Pac-12",-11,5,"Ranked",2012,"Cross Country","Men","I","FINAL - November 17th"
17,"COLUMBIA",439,"Ivy League",10,27,"Ranked",2012,"Cross Country","Men","I","FINAL - November 17th"
18,"INDIANA",456,"Big Ten",-11,7,"Ranked",2012,"Cross Country","Men","I","FINAL - November 17th"
19,"GEORGIA",466,"SEC",10,29,"Ranked",2012,"Cross Country","Men","I","FINAL - November 17th"
20,"OREGON",472,"Pac-12",12,32,"Unranked",2012,"Cross Country","Men","I","FINAL - November 17th"
21,"NEW MEXICO",473,"Mountain West",10,31,"Ranked",2012,"Cross Country","Men","I","FINAL - November 17th"
22,"VIRGINIA TECH",516,"ACC",10,32,"Unranked",2012,"Cross Country","Men","I","FINAL - November 17th"
23,"MICHIGAN",518,"Big Ten",-3,20,"Ranked",2012,"Cross Country","Men","I","FINAL - November 17th"
24,"EASTERN KENTUCKY",522,"OVC",2,26,"Ranked",2012,"Cross Country","Men","I","FINAL - November 17th"
25,"GEORGETOWN",534,"Big East (1st Ed.)",-8,17,"Ranked",2012,"Cross Country","Men","I","FINAL - November 17th"
26,"NC STATE",550,"ACC",-16,10,"Ranked",2012,"Cross Country","Men","I","FINAL - November 17th"
27,"VILLANOVA",588,"Big East (1st Ed.)",-14,13,"Ranked",2012,"Cross Country","Men","I","FINAL - November 17th"
28,"NOTRE DAME",591,"Big East (1st Ed.)",-4,24,"Ranked",2012,"Cross Country","Men","I","FINAL - November 17th"
29,"IONA",626,"Metro Atlantic",-20,9,"Ranked",2012,"Cross Country","Men","I","FINAL - November 17th"
30,"DUKE",725,"ACC",2,32,"Unranked",2012,"Cross Country","Men","I","FINAL - November 17th"
31,"MICHIGAN STATE",755,"Big Ten",1,32,"Unranked",2012,"Cross Country","Men","I","FINAL - November 17th"
1,"OREGON",114,"Pac-12",4,5,"Ranked",2012,"Cross Country","Women","I","FINAL - November 17th"
2,"PROVIDENCE",183,"Big East (1st Ed.)",30,32,"Unranked",2012,"Cross Country","Women","I","FINAL - November 17th"
3,"STANFORD",198,"Pac-12",7,10,"Ranked",2012,"Cross Country","Women","I","FINAL - November 17th"
4,"FLORIDA STATE",202,"ACC",0,4,"Ranked",2012,"Cross Country","Women","I","FINAL - November 17th"
5,"MICHIGAN",247,"Big Ten",10,15,"Ranked",2012,"Cross Country","Women","I","FINAL - November 17th"
6,"ARIZONA",263,"Pac-12",13,19,"Ranked",2012,"Cross Country","Women","I","FINAL - November 17th"
7,"DUKE",300,"ACC",25,32,"Unranked",2012,"Cross Country","Women","I","FINAL - November 17th"
8,"CONNECTICUT",304,"Big East (1st Ed.)",24,32,"Unranked",2012,"Cross Country","Women","I","FINAL - November 17th"
9,"WASHINGTON",334,"Pac-12",-7,2,"Ranked",2012,"Cross Country","Women","I","FINAL - November 17th"
10,"NEW MEXICO",341,"Mountain West",-1,9,"Ranked",2012,"Cross Country","Women","I","FINAL - November 17th"
11,"IOWA STATE",350,"Big 12",-4,7,"Ranked",2012,"Cross Country","Women","I","FINAL - November 17th"
12,"GEORGETOWN",381,"Big East (1st Ed.)",-11,1,"Ranked",2012,"Cross Country","Women","I","FINAL - November 17th"
13,"CORNELL",385,"Ivy League",19,32,"Unranked",2012,"Cross Country","Women","I","FINAL - November 17th"
14,"PENN STATE",387,"Big Ten",-1,13,"Ranked",2012,"Cross Country","Women","I","FINAL - November 17th"
15,"NOTRE DAME",394,"Big East (1st Ed.)",7,22,"Ranked",2012,"Cross Country","Women","I","FINAL - November 17th"
16,"MICHIGAN STATE",422,"Big Ten",0,16,"Ranked",2012,"Cross Country","Women","I","FINAL - November 17th"
17,"WEBER STATE",428,"Big Sky",12,29,"Ranked",2012,"Cross Country","Women","I","FINAL - November 17th"
18,"ARKANSAS",449,"SEC",-4,14,"Ranked",2012,"Cross Country","Women","I","FINAL - November 17th"
19,"BOSTON COLLEGE",462,"ACC",-7,12,"Ranked",2012,"Cross Country","Women","I","FINAL - November 17th"
20,"VILLANOVA",475,"Big East (1st Ed.)",-17,3,"Ranked",2012,"Cross Country","Women","I","FINAL - November 17th"
21,"WILLIAM & MARY",481,"Colonial",11,32,"Unranked",2012,"Cross Country","Women","I","FINAL - November 17th"
22,"MINNESOTA",500,"Big Ten",5,27,"Ranked",2012,"Cross Country","Women","I","FINAL - November 17th"
23,"FLORIDA",518,"SEC",9,32,"Unranked",2012,"Cross Country","Women","I","FINAL - November 17th"
24,"COLORADO",519,"Pac-12",-13,11,"Ranked",2012,"Cross Country","Women","I","FINAL - November 17th"
25,"TEXAS",526,"Big 12",1,26,"Ranked",2012,"Cross Country","Women","I","FINAL - November 17th"
26,"OKLAHOMA STATE",565,"Big 12",4,30,"Ranked",2012,"Cross Country","Women","I","FINAL - November 17th"
27,"VANDERBILT",611,"SEC",-21,6,"Ranked",2012,"Cross Country","Women","I","FINAL - November 17th"
28,"TOLEDO",613,"Mid-American",-7,21,"Ranked",2012,"Cross Country","Women","I","FINAL - November 17th"
29,"BUTLER",636,"Atlantic 10",3,32,"Unranked",2012,"Cross Country","Women","I","FINAL - November 17th"
30,"GEORGIA",642,"SEC",2,32,"Unranked",2012,"Cross Country","Women","I","FINAL - November 17th"
31,"HARVARD",676,"Ivy League",1,32,"Unranked",2012,"Cross Country","Women","I","FINAL - November 17th"
1,"WISCONSIN",97,"Big Ten",2,3,"Ranked",2011,"Cross Country","Men","I","FINAL - November 21st"
2,"OKLAHOMA STATE",139,"Big 12",-1,1,"Ranked",2011,"Cross Country","Men","I","FINAL - November 21st"
3,"COLORADO",144,"Pac-12",12,15,"Ranked",2011,"Cross Country","Men","I","FINAL - November 21st"
4,"BYU",203,"WCC",14,18,"Ranked",2011,"Cross Country","Men","I","FINAL - November 21st"
5,"STANFORD",207,"Pac-12",-1,4,"Ranked",2011,"Cross Country","Men","I","FINAL - November 21st"
6,"OKLAHOMA",213,"Big 12",-1,5,"Ranked",2011,"Cross Country","Men","I","FINAL - November 21st"
7,"INDIANA",257,"Big Ten",0,7,"Ranked",2011,"Cross Country","Men","I","FINAL - November 21st"
8,"PORTLAND",259,"WCC",5,13,"Ranked",2011,"Cross Country","Men","I","FINAL - November 21st"
9,"IONA",265,"Metro Atlantic",-1,8,"Ranked",2011,"Cross Country","Men","I","FINAL - November 21st"
10,"NC STATE",282,"ACC",10,20,"Ranked",2011,"Cross Country","Men","I","FINAL - November 21st"
11,"TEXAS",341,"Big 12",15,26,"Ranked",2011,"Cross Country","Men","I","FINAL - November 21st"
12,"FLORIDA STATE",348,"ACC",-10,2,"Ranked",2011,"Cross Country","Men","I","FINAL - November 21st"
13,"VILLANOVA",352,"Big East (1st Ed.)",10,23,"Ranked",2011,"Cross Country","Men","I","FINAL - November 21st"
14,"NORTHERN ARIZONA",374,"Big Sky",-5,9,"Ranked",2011,"Cross Country","Men","I","FINAL - November 21st"
15,"SYRACUSE",395,"Big East (1st Ed.)",-1,14,"Ranked",2011,"Cross Country","Men","I","FINAL - November 21st"
16,"MINNESOTA",441,"Big Ten",11,27,"Ranked",2011,"Cross Country","Men","I","FINAL - November 21st"
17,"GEORGETOWN",468,"Big East (1st Ed.)",12,29,"Ranked",2011,"Cross Country","Men","I","FINAL - November 21st"
18,"TEXAS A&M",471,"Big 12",14,32,"Unranked",2011,"Cross Country","Men","I","FINAL - November 21st"
19,"PRINCETON",474,"Ivy League",-7,12,"Ranked",2011,"Cross Country","Men","I","FINAL - November 21st"
20,"MICHIGAN",511,"Big Ten",12,32,"Unranked",2011,"Cross Country","Men","I","FINAL - November 21st"
21,"WASHINGTON STATE",512,"Pac-12",11,32,"Unranked",2011,"Cross Country","Men","I","FINAL - November 21st"
22,"PROVIDENCE",530,"Big East (1st Ed.)",0,22,"Ranked",2011,"Cross Country","Men","I","FINAL - November 21st"
23,"OHIO STATE",538,"Big Ten",9,32,"Unranked",2011,"Cross Country","Men","I","FINAL - November 21st"
24,"NOTRE DAME",575,"Big East (1st Ed.)",1,25,"Ranked",2011,"Cross Country","Men","I","FINAL - November 21st"
25,"TULSA",580,"Conference USA",7,32,"Unranked",2011,"Cross Country","Men","I","FINAL - November 21st"
26,"EASTERN KENTUCKY",589,"OVC",6,32,"Unranked",2011,"Cross Country","Men","I","FINAL - November 21st"
27,"COLUMBIA",591,"Ivy League",5,32,"Unranked",2011,"Cross Country","Men","I","FINAL - November 21st"
28,"CAL POLY",680,"Big West",4,32,"Unranked",2011,"Cross Country","Men","I","FINAL - November 21st"
29,"GEORGIA",770,"SEC",3,32,"Unranked",2011,"Cross Country","Men","I","FINAL - November 21st"
30,"FLORIDA",780,"SEC",2,32,"Unranked",2011,"Cross Country","Men","I","FINAL - November 21st"
31,"NEW MEXICO",885,"Mountain West",-15,16,"Ranked",2011,"Cross Country","Men","I","FINAL - November 21st"
1,"GEORGETOWN",162,"Big East (1st Ed.)",3,4,"Ranked",2011,"Cross Country","Women","I","FINAL - November 21st"
2,"WASHINGTON",170,"Pac-12",14,16,"Ranked",2011,"Cross Country","Women","I","FINAL - November 21st"
3,"VILLANOVA",181,"Big East (1st Ed.)",-2,1,"Ranked",2011,"Cross Country","Women","I","FINAL - November 21st"
4,"FLORIDA STATE",189,"ACC",-2,2,"Ranked",2011,"Cross Country","Women","I","FINAL - November 21st"
5,"OREGON",281,"Pac-12",7,12,"Ranked",2011,"Cross Country","Women","I","FINAL - November 21st"
6,"VANDERBILT",282,"SEC",26,32,"Unranked",2011,"Cross Country","Women","I","FINAL - November 21st"
7,"IOWA STATE",290,"Big 12",1,8,"Ranked",2011,"Cross Country","Women","I","FINAL - November 21st"
8,"WEST VIRGINIA",297,"Big East (1st Ed.)",24,32,"Unranked",2011,"Cross Country","Women","I","FINAL - November 21st"
9,"NEW MEXICO",322,"Mountain West",-4,5,"Ranked",2011,"Cross Country","Women","I","FINAL - November 21st"
10,"STANFORD",332,"Pac-12",3,13,"Ranked",2011,"Cross Country","Women","I","FINAL - November 21st"
11,"COLORADO",335,"Pac-12",-5,6,"Ranked",2011,"Cross Country","Women","I","FINAL - November 21st"
12,"BOSTON COLLEGE",347,"ACC",7,19,"Ranked",2011,"Cross Country","Women","I","FINAL - November 21st"
13,"PENN STATE",368,"Big Ten",13,26,"Ranked",2011,"Cross Country","Women","I","FINAL - November 21st"
14,"ARKANSAS",375,"SEC",18,32,"Unranked",2011,"Cross Country","Women","I","FINAL - November 21st"
15,"MICHIGAN",383,"Big Ten",7,22,"Ranked",2011,"Cross Country","Women","I","FINAL - November 21st"
16,"MICHIGAN STATE",386,"Big Ten",7,23,"Ranked",2011,"Cross Country","Women","I","FINAL - November 21st"
17,"SYRACUSE",401,"Big East (1st Ed.)",-7,10,"Ranked",2011,"Cross Country","Women","I","FINAL - November 21st"
18,"CALIFORNIA",433,"Pac-12",14,32,"Unranked",2011,"Cross Country","Women","I","FINAL - November 21st"
19,"ARIZONA",447,"Pac-12",-8,11,"Ranked",2011,"Cross Country","Women","I","FINAL - November 21st"
20,"VIRGINIA",466,"ACC",1,21,"Ranked",2011,"Cross Country","Women","I","FINAL - November 21st"
21,"TOLEDO",483,"Mid-American",7,28,"Ranked",2011,"Cross Country","Women","I","FINAL - November 21st"
22,"NOTRE DAME",512,"Big East (1st Ed.)",10,32,"Unranked",2011,"Cross Country","Women","I","FINAL - November 21st"
23,"NC STATE",518,"ACC",1,24,"Ranked",2011,"Cross Country","Women","I","FINAL - November 21st"
24,"WISCONSIN",529,"Big Ten",8,32,"Unranked",2011,"Cross Country","Women","I","FINAL - November 21st"
25,"SAN FRANCISCO",531,"WCC",7,32,"Unranked",2011,"Cross Country","Women","I","FINAL - November 21st"
26,"TEXAS",559,"Big 12",-6,20,"Ranked",2011,"Cross Country","Women","I","FINAL - November 21st"
27,"MINNESOTA",577,"Big Ten",0,27,"Ranked",2011,"Cross Country","Women","I","FINAL - November 21st"
28,"BYU",636,"WCC",4,32,"Unranked",2011,"Cross Country","Women","I","FINAL - November 21st"
29,"WEBER STATE",647,"Big Sky",3,32,"Unranked",2011,"Cross Country","Women","I","FINAL - November 21st"
30,"OKLAHOMA STATE",701,"Big 12",-13,17,"Ranked",2011,"Cross Country","Women","I","FINAL - November 21st"
31,"ARIZONA STATE",752,"Pac-12",1,32,"Unranked",2011,"Cross Country","Women","I","FINAL - November 21st"
